동영상 제목,채널명,댓글 유형,작성자,댓글 내용,좋아요,작성일시,대댓글 수,댓글 ID,동영상 ID,작성자 채널 ID,수정일시,상위 댓글 ID,감성
버츄얼 아이돌 소신발언,피지컬갤러리,최상위 댓글,@뚱얼-y6i,버츄얼 아이돌 나오기 전에 이미 신동이 아이돌 외모의 편견을 깨부순 장본인이긴 함.,2395,2024-12-11T08:40:19Z,25,UgwK8FVbmHrD6gPDkwJ4AaABAg,Yg_AOZjHt3M,UCWybhus4jAgJhioiG7QSIgg,2024-12-11T08:40:19Z,,중립
버츄얼 아이돌 소신발언,피지컬갤러리,대댓글,@neverring,ㅋㅋㅋㅋㅋㅋㅋㅋㅋㅋㅋㅋ,18,2024-12-11T08:57:07Z,0,UgwK8FVbmHrD6gPDkwJ4AaABAg.ABu88hrN6JLABuA3friNo2,Yg_AOZjHt3M,UCHMBvtpJGHab08MhBtwIRKA,2024-12-11T08:57:07Z,UgwK8FVbmHrD6gPDkwJ4AaABAg,중립
버츄얼 아이돌 소신발언,피지컬갤러리,대댓글,@bardus_radix,근데 살집이 있어서 그렇지 이목구비 못생긴 남돌은 아님,114,2024-12-14T10:54:35Z,0,UgwK8FVbmHrD6gPDkwJ4AaABAg.ABu88hrN6JLAC15tfzV7lO,Yg_AOZjHt3M,UCA4GUfzw0mjXL-wONcW206w,2024-12-14T10:54:35Z,UgwK8FVbmHrD6gPDkwJ4AaABAg,중립
버츄얼 아이돌 소신발언,피지컬갤러리,대댓글,@mheufj,"신동은 잘생긴편에 속해서 깨부신정도는 아님 살빼면 타 멤버조다 존잘될꺼란 소리 들어왔고 그때문에 팬도 다수. .. 

외모편견 부순건 대성이 진짜지 ㅋㅋㅋㅋㅋ.. 일말의 발전 가능성이 없는 일반인 외모...",138,2024-12-16T09:53:36Z,0,UgwK8FVbmHrD6gPDkwJ4AaABAg.ABu88hrN6JLAC68Vlryrw2,Yg_AOZjHt3M,UCYb0qbB3XiyX-iqSYLb0eOw,2024-12-16T09:53:36Z,UgwK8FVbmHrD6gPDkwJ4AaABAg,중립
버츄얼 아이돌 소신발언,피지컬갤러리,대댓글,@외모지상렬주의-o6t,@mheufj2222 대성은 이야 쟤는 누가 봐도 실력파구나 노래를 오지게 잘 부르거나 춤 기깔나게 추겠다는 기저가 깔렸었음 ㅋㅋㅋㅋㅋㅋㅋㅋㅋ,47,2024-12-23T03:12:17Z,0,UgwK8FVbmHrD6gPDkwJ4AaABAg.ABu88hrN6JLACNS8aJYy1R,Yg_AOZjHt3M,UCkF6PC126jR_CaFcPcT-yQQ,2024-12-23T03:12:17Z,UgwK8FVbmHrD6gPDkwJ4AaABAg,중립
버츄얼 아이돌 소신발언,피지컬갤러리,대댓글,@daeyeonhwng1000,신동 다이어트 했을때 잘생김 워낙 먹는걸좋아해서 근데 그몸으로 춤선이 살아있음,8,2025-01-22T04:16:56Z,0,UgwK8FVbmHrD6gPDkwJ4AaABAg.ABu88hrN6JLAD_oOLZa6BV,Yg_AOZjHt3M,UCl4-GFjOtEn4Qz4c_Cf90AA,2025-01-22T04:16:56Z,UgwK8FVbmHrD6gPDkwJ4AaABAg,긍정
버츄얼 아이돌 소신발언,피지컬갤러리,최상위 댓글,@devchan1,신동이 “그게 무슨 아이돌이냐”의 원조격이지 ㅋㅋ 결국 잘하면 인정받게 되어있다,1824,2024-12-13T01:36:34Z,22,UgznhpluTDemlpXuSX14AaABAg,Yg_AOZjHt3M,UCCEYHEXJjHN3eZ5MPNqNlEg,2024-12-13T01:36:34Z,,중립
버츄얼 아이돌 소신발언,피지컬갤러리,대댓글,@불장난-e9f,​@더나은-i5c춤 잘추잖아요 ㅋㅋ 퍼포먼스 몰빵임,71,2024-12-13T05:30:11Z,0,UgznhpluTDemlpXuSX14AaABAg.AByXEjlHY4-ABywyr_YFmb,Yg_AOZjHt3M,UC0rY0ApX_j0w8t0YQTRZnYg,2024-12-13T05:30:11Z,UgznhpluTDemlpXuSX14AaABAg,중립
버츄얼 아이돌 소신발언,피지컬갤러리,대댓글,@podo-won,​@더나은-i5c춤선 개 지@림 ㅋㅋㅋㅋ,0,2024-12-22T07:19:33Z,0,UgznhpluTDemlpXuSX14AaABAg.AByXEjlHY4-ACLJdnJgP3l,Yg_AOZjHt3M,UC8f_m94msprxO1La6OA0Miw,2024-12-22T07:19:33Z,UgznhpluTDemlpXuSX14AaABAg,중립
버츄얼 아이돌 소신발언,피지컬갤러리,대댓글,@둘기비둘기-u9j,​@더나은-i5c 거울보고 똑같은질문해봐,20,2024-12-31T02:17:31Z,0,UgznhpluTDemlpXuSX14AaABAg.AByXEjlHY4-ACgxERCfvUa,Yg_AOZjHt3M,UC7EFQxDseswLr5tZRkq2TRg,2024-12-31T02:17:31Z,UgznhpluTDemlpXuSX14AaABAg,중립
버츄얼 아이돌 소신발언,피지컬갤러리,대댓글,@냥아치-z2b,@더나은-i5c 춤 추는거 함 보고오면 생각 달라질걸요 살이 좀 있긴하지만 춤선이랑 느낌이 다른 아이돌들보다 훨씬 더 좋게 느껴짐,28,2025-02-24T12:53:47Z,0,UgznhpluTDemlpXuSX14AaABAg.AByXEjlHY4-AEvhllk1-mO,Yg_AOZjHt3M,UCzaBFLMnV53ecSf6zRdfKZA,2025-02-24T12:53:47Z,UgznhpluTDemlpXuSX14AaABAg,중립
버츄얼 아이돌 소신발언,피지컬갤러리,대댓글,@양산마취총배진솔,@더나은-i5c춤 ㅈㄴ잘춤 ㅂ신아,0,2025-02-26T05:40:12Z,0,UgznhpluTDemlpXuSX14AaABAg.AByXEjlHY4-AF-4jrkDLHJ,Yg_AOZjHt3M,UCgVLde4ywVDlDgrJ0CBc6qw,2025-02-26T05:40:12Z,UgznhpluTDemlpXuSX14AaABAg,중립
버츄얼 아이돌 소신발언,피지컬갤러리,최상위 댓글,@hsb9904,"몰입감의 차이라고 생각함.
축구를 보고도 ""그냥 공놀이인데 왜 열광함?""
게임을 보고도 ""데이터 쪼가리인데 거따 돈써?""
아이돌 보고도 ""예쁘긴한데 쟤랑 사귈수있음?""
버튜버 보고도 ""저 안에 누가 들어있는줄 알고?""

딥한 영역일수록 몰입하기 힘들어지는 차이일뿐임. 물리적이고 현실적일수록 몰입이 쉽고 그렇지않을수록 어려워지는거임. 그 기준 선은 사람마다 다른거고

본인이 직접행하고 물질적인 이득을 주는 행위만 즐기는 사람은 몰입의 기준이 엄격한거고

남이 해도 좋고 물질적이지 않아도 몰입할수있는 사람은 몰입의 기준이 낮은거임.

먹방만 해도 남이 처먹는걸 봐서 뭐하냐는 사람도 있고 눈앞에 음식있는거마냥 미치려하는 사람도 있고 다 다른거지 뭐",1572,2024-12-12T08:19:01Z,27,Ugw6pec2EJ3X2NwoSQ54AaABAg,Yg_AOZjHt3M,UCBKfTNOBMVrPIrJm7n2TQ-Q,2024-12-12T08:19:01Z,,중립
버츄얼 아이돌 소신발언,피지컬갤러리,대댓글,@lifehalfbat,이거지,65,2024-12-14T02:52:00Z,0,Ugw6pec2EJ3X2NwoSQ54AaABAg.ABwfVUuzzcxAC0Ef61xqt5,Yg_AOZjHt3M,UCOZoWcstR9lG8VvtJpi2PGQ,2024-12-14T02:52:00Z,Ugw6pec2EJ3X2NwoSQ54AaABAg,중립
버츄얼 아이돌 소신발언,피지컬갤러리,대댓글,@노상철-m7i,ㅇㅇ하지만 뭐를 좋아하는가에 따라 그 사람의 취향이나 수준이 나오는거고 그로 인한 편견은 본인이 감사해야지 현실에서 버튜버 좋아한다고 광고하고 다니는 사람들은 거의 없잖아 축구나 헬스는 많지만,17,2024-12-14T03:52:29Z,0,Ugw6pec2EJ3X2NwoSQ54AaABAg.ABwfVUuzzcxAC0La5VhKWz,Yg_AOZjHt3M,UC1xbVSlAqYLHF9e4MwqVjDg,2024-12-14T03:52:29Z,Ugw6pec2EJ3X2NwoSQ54AaABAg,긍정
버츄얼 아이돌 소신발언,피지컬갤러리,대댓글,@모아이-d3h,"​@노상철-m7i취향과 수준을 연결시키는 건 좀 너무 과한 거 아닐까요..?? 
취향으로 인한 선입견을 가질수는 있다지만 그걸로 수준까지 판단하지는 않을 것 같아요",155,2024-12-14T09:24:04Z,0,Ugw6pec2EJ3X2NwoSQ54AaABAg.ABwfVUuzzcxAC0wXmC0m0G,Yg_AOZjHt3M,UCJ32gFvGhZxKxMB0NoGlriA,2024-12-14T09:24:04Z,Ugw6pec2EJ3X2NwoSQ54AaABAg,중립
버츄얼 아이돌 소신발언,피지컬갤러리,대댓글,@내년-e5h,"@노상철-m7i 좋아하는걸 굳이 광고해야할 이유가 있나요?
그리고 당신같이 편견을 갖고 보는 사람들때문에 말 안하는 사람도 있을 겁니다. ㅋㅋㅋ",106,2024-12-14T13:57:37Z,0,Ugw6pec2EJ3X2NwoSQ54AaABAg.ABwfVUuzzcxAC1QqFajuYj,Yg_AOZjHt3M,UCB_L9ban9ttEqn9NkPUNJYA,2024-12-14T13:57:37Z,Ugw6pec2EJ3X2NwoSQ54AaABAg,긍정
버츄얼 아이돌 소신발언,피지컬갤러리,대댓글,@user-bf5mi6op3v,​@노상철-m7i감사가 아니라 감수겠지. 다른 사람들이 뭘 보든 그 취향을 수준으로 연결시키려 하는 생각과 기본적인 단어선택부터 본인 수준 보여주네...,75,2024-12-15T04:26:18Z,0,Ugw6pec2EJ3X2NwoSQ54AaABAg.ABwfVUuzzcxAC2zFetNJf4,Yg_AOZjHt3M,UCzQgGNj9zqvSk_YSN88FmnQ,2024-12-15T04:26:18Z,Ugw6pec2EJ3X2NwoSQ54AaABAg,긍정
버츄얼 아이돌 소신발언,피지컬갤러리,최상위 댓글,@랑콤-l8z,"처음에 슈퍼주니어 나왔을 때 13명이나 있는 아이돌이 무슨 가수냐 이름도 못 외운다, 신동은 얼굴도 아이돌 얼굴도 아니다. 편견의 시선 엄청 많았으니...
신동도 다른 사회의 변화를 잘 포용해주는 듯",420,2025-03-04T04:56:54Z,0,Ugw5HXCmFOyp19e8Jyp4AaABAg,Yg_AOZjHt3M,UCgQyrjwe4tFpGrCusIsvxGA,2025-03-04T04:56:54Z,,중립
버츄얼 아이돌 소신발언,피지컬갤러리,최상위 댓글,@어제거기서만나요,"지금은 프로게이머라는 직업을 모르는 사람이 없음. 근데 몇십년 전 임요환이 프로게이머라는 직업을 막 알리기 시작할 무렵에는 '연봉을 게임 머니로 받냐?' 같은 쌉소리를 공중파 엠씨들이 질문이랍시고 던지던 시절이었음. 그냥 게임 중독자다, 뭔 게임하면서 돈을 받냐 그게 직업이냐 같은 소리도 있었고. 그런데 지금은 페이커 모르는 한국인 없을 정도로 유명하고 오히려 해외팬이 더 많음. 버츄얼 아이돌도 지금 딱 임요환 같은 시점인 거임.

그게 무슨 아이돌이냐, 얼굴 가리고 활동을 어떻게 하냐, 가상으로 만든 얼굴 보고 잘생겼다고 좋아하는 거 이해 안간다, 미친 거 같다........ 10년만 지나면 그런 소리 쑥 들어갈 거임. 물론 아직은 음지 문화쪽에 가깝지만 이미 가상 세계에 대한 수요와 공급은 꾸준히 저변을 넓히고 있는 중임. 앉아서 게임만 해도 돈을 버는 시대에 버츄얼이라고 해서 아이돌 못하라는 법은 없는 거고, 수요가 있으니 공급도 존재하는 것임.",311,2025-04-08T16:35:06Z,1,UgzKN1Rlf12kpVCEUr14AaABAg,Yg_AOZjHt3M,UChLJ1ML_gNHiUlL9yJg7WHg,2025-04-08T16:36:24Z,,긍정
버츄얼 아이돌 소신발언,피지컬갤러리,대댓글,@ThevelvetundergroundnNico,애초에 아이돌이라는게 음지 문화인데 뭐ㅋㅋㅋ,0,2026-01-18T11:35:38Z,0,UgzKN1Rlf12kpVCEUr14AaABAg.AGepHNtsldvAS78ZKHKGSi,Yg_AOZjHt3M,UCKg6BCJfI9l81WZoBxMC5lQ,2026-01-18T11:35:38Z,UgzKN1Rlf12kpVCEUr14AaABAg,중립
버츄얼 아이돌 소신발언,피지컬갤러리,최상위 댓글,@qqwweewwqq632,"20년전만해도 '아이돌이 무슨 가수냐, 개나소나 가수 하냐?'라고 아이돌 욕하던 인간들이 갑자기 bts, 블랙핑크 등등 해외에서 먹히니까 아이돌을 신성화하고 찬양하면서 개나소나 아이돌 하냐고 버추얼 까는게 ㅈㄴ 웃김. 그냥 인기 있으면 아이돌이고 음원 잘 팔리면 가수아님? 아이돌의 기준이 뭔데?",527,2024-12-12T11:55:39Z,14,Ugz2DEwrnY-r2WeiKxx4AaABAg,Yg_AOZjHt3M,UCOHO9S81ItxZviDqhN_LhEg,2024-12-12T11:55:39Z,,중립
버츄얼 아이돌 소신발언,피지컬갤러리,대댓글,@박박박-k9b,최초의 버츄얼 아이돌은 아담인가 있지 않았나요? 그 뭐 있던걸로 아는데 아담이 맞는지 모르겠네요,3,2024-12-13T04:49:43Z,0,Ugz2DEwrnY-r2WeiKxx4AaABAg.ABx3IBM06V6ABysLW6Fvm2,Yg_AOZjHt3M,UC025MXlt7CPoo5Wq-oFjYVA,2024-12-13T04:49:43Z,Ugz2DEwrnY-r2WeiKxx4AaABAg,중립
버츄얼 아이돌 소신발언,피지컬갤러리,대댓글,@T1_and_Only,"그 사람들은 지금도 bts 버추얼 가리지 않고 가수 취급 안하고, 아이돌 성역화 주도층은 아이러니하게도 아이돌 팬덤들임. 아이돌, 가수 기원도 모르고 버추얼, 여캠들은 급이 안맞다고 아이돌 취급 안하겠다는 것들ㅋㅋㅋ",6,2025-02-27T00:29:55Z,0,Ugz2DEwrnY-r2WeiKxx4AaABAg.ABx3IBM06V6AF1616HQbSH,Yg_AOZjHt3M,UCwAobfW7gO2NFhfuoSZYbSg,2025-02-27T00:29:55Z,Ugz2DEwrnY-r2WeiKxx4AaABAg,중립
버츄얼 아이돌 소신발언,피지컬갤러리,대댓글,@TheFirenick,"아이돌은 핑클, SES 까지 올라가는데",0,2025-03-02T08:48:21Z,0,Ugz2DEwrnY-r2WeiKxx4AaABAg.ABx3IBM06V6AF9iSSgIL9F,Yg_AOZjHt3M,UCPhKWns_N6g2xM_HnRDFulQ,2025-03-02T08:48:21Z,Ugz2DEwrnY-r2WeiKxx4AaABAg,중립
버츄얼 아이돌 소신발언,피지컬갤러리,대댓글,@싱클레어_아내,에초에 아이돌 뜻이 우상 아닌가? 누군가의 우상이면 아이돌이지 뭐..,22,2025-04-22T11:24:22Z,0,Ugz2DEwrnY-r2WeiKxx4AaABAg.ABx3IBM06V6AHDJqilpstL,Yg_AOZjHt3M,UCLELHlDBJHHV9Ije7uuX0fA,2025-04-22T11:24:22Z,Ugz2DEwrnY-r2WeiKxx4AaABAg,중립
버츄얼 아이돌 소신발언,피지컬갤러리,대댓글,@thinker--,틀딱들 계속 떠들라고 하셈 비어있는 자리 내가 입덕할거니까 ㅋㅋ,0,2025-04-23T23:37:53Z,0,Ugz2DEwrnY-r2WeiKxx4AaABAg.ABx3IBM06V6AHHC_zqo_-u,Yg_AOZjHt3M,UCF9deEOtFSTDC9ROvVx8d2A,2025-04-23T23:37:53Z,Ugz2DEwrnY-r2WeiKxx4AaABAg,중립
버츄얼 아이돌 소신발언,피지컬갤러리,최상위 댓글,@정현컨볼유튜브,"그냥 존중만 하면 됨
차별하면 안되는 거고",280,2025-02-24T05:09:09Z,14,Ugxh9PcPdwFYK7Hyt714AaABAg,Yg_AOZjHt3M,UCNDVOTuE_RFI4fLpjGc-5ag,2025-02-24T05:09:09Z,,중립
버츄얼 아이돌 소신발언,피지컬갤러리,대댓글,@비망록-x4d,존중할걸 해야지,19,2025-04-10T11:48:14Z,0,Ugxh9PcPdwFYK7Hyt714AaABAg.AEusadiCm9PAGjT1z-_9Uf,Yg_AOZjHt3M,UCwzITRTeQrvYbuvbEOpLjOg,2025-04-10T11:48:14Z,Ugxh9PcPdwFYK7Hyt714AaABAg,중립
버츄얼 아이돌 소신발언,피지컬갤러리,대댓글,@죠죠-o6h,@비망록-x4d 무슨의민지는 모르겠지만 너보다 존중받고 잘살고있음 ㅋㅋ,45,2025-04-21T19:49:23Z,0,Ugxh9PcPdwFYK7Hyt714AaABAg.AEusadiCm9PAHBdqhF2Z12,Yg_AOZjHt3M,UCi1SLLdRLjadzuhpLSMft6g,2025-04-21T19:49:23Z,Ugxh9PcPdwFYK7Hyt714AaABAg,중립
버츄얼 아이돌 소신발언,피지컬갤러리,대댓글,@죠죠-o6h,니사생활뭐하는지 모르겠는데 너보다  존중받고 뭘해도 너보다 스포트라이트임ㅋㅋㅋㅋㅋㅋㅋㅋㅋㅋㅋ,2,2025-04-21T19:50:55Z,0,Ugxh9PcPdwFYK7Hyt714AaABAg.AEusadiCm9PAHBe0y4pahs,Yg_AOZjHt3M,UCi1SLLdRLjadzuhpLSMft6g,2025-04-21T19:50:55Z,Ugxh9PcPdwFYK7Hyt714AaABAg,중립
버츄얼 아이돌 소신발언,피지컬갤러리,대댓글,@죠죠-o6h,@비망록-x4d 한마디로 뷰유유유유유유융신임,2,2025-04-21T19:51:21Z,0,Ugxh9PcPdwFYK7Hyt714AaABAg.AEusadiCm9PAHBe46wGfNG,Yg_AOZjHt3M,UCi1SLLdRLjadzuhpLSMft6g,2025-04-21T19:51:21Z,Ugxh9PcPdwFYK7Hyt714AaABAg,중립
버츄얼 아이돌 소신발언,피지컬갤러리,대댓글,@wjxowns9si,​@죠죠-o6h부들부들 떨어버리시네 ㅋㅋㅋ,6,2025-05-29T11:28:38Z,0,Ugxh9PcPdwFYK7Hyt714AaABAg.AEusadiCm9PAIhakKIgaVi,Yg_AOZjHt3M,UCcZx8tozS9MZpRCxTqKjNMA,2025-05-29T11:28:38Z,Ugxh9PcPdwFYK7Hyt714AaABAg,중립
버츄얼 아이돌 소신발언,피지컬갤러리,최상위 댓글,@sssss5-y5v,좋아하는 사람은 그냥 계속 좋아하면 되고 마음에 안 드는 사람들은 무시하면 그만임 난 버츄얼 아이돌을 파지는 않는데 이해는 함... 좋아할 수 있는 거 아닌가? 남들이 좋아한다고 나한테 뭔 피해가 오는 것도 아니고 그런가보다 하면서 사는 거지ㅋㅋㅋ... 왜 까지 못해서 안달일까,190,2025-02-24T06:19:36Z,6,UgxY6WZjQUV6g9FNH_F4AaABAg,Yg_AOZjHt3M,UCHpMNq9yExbtyacwpdHeLow,2025-02-24T06:19:36Z,,긍정
버츄얼 아이돌 소신발언,피지컬갤러리,대댓글,@acoldhaughtywoman,공감합니다!!!👍👍👏👏,4,2025-03-17T06:54:22Z,0,UgxY6WZjQUV6g9FNH_F4AaABAg.AEv-ecFf35JAFl8KiowhJv,Yg_AOZjHt3M,UCiuI_cdDYL5O5hDIhzS6Bsw,2025-03-17T06:54:22Z,UgxY6WZjQUV6g9FNH_F4AaABAg,중립
버츄얼 아이돌 소신발언,피지컬갤러리,대댓글,@Binnaeng,쟤네 팬이 문제임 ㅋㅋ,3,2025-03-27T07:59:14Z,0,UgxY6WZjQUV6g9FNH_F4AaABAg.AEv-ecFf35JAGA-hU1m2pn,Yg_AOZjHt3M,UCBeh8Pz7hgNzqrZFQybi3kg,2025-03-27T07:59:14Z,UgxY6WZjQUV6g9FNH_F4AaABAg,중립
버츄얼 아이돌 소신발언,피지컬갤러리,대댓글,@어제거기서만나요,@Binnaeng  어느 아이돌이나 극성팬들은 같은 팬덤 안에서도 싫어합니다. 그리고 플레이브 팬덤이 예민한 건 좀 어쩔 수 없어요. 그냥 숨만 쉬어도 개쌍욕 퍼붓고 저주하는 애들이 수시로 와서 긁어대니 무시하고 싶어도 무시할 수가 없음. 걍 내가 좋아하겠다는데 정신 나갔다느니 두꺼비집 내리면 없어질 A.I 따위에(안에 사람 있다는 거 뻔히 알면서도) 무슨 아이돌이라고 하냐면서 온갖 억까를 다 하는데 ㅋㅋㅋ,64,2025-04-08T16:39:50Z,0,UgxY6WZjQUV6g9FNH_F4AaABAg.AEv-ecFf35JAGepp1VYcGb,Yg_AOZjHt3M,UChLJ1ML_gNHiUlL9yJg7WHg,2025-04-08T16:39:50Z,UgxY6WZjQUV6g9FNH_F4AaABAg,중립
버츄얼 아이돌 소신발언,피지컬갤러리,대댓글,@junwonpark7996,솔직히 말하면 버추얼이나 일반 아이돌이나 별 차이없음 아이돌들도 얼굴 고치고 성형 싹 다 함 그러고 환상+성적 매력을 파는거임.,17,2025-04-12T17:04:37Z,0,UgxY6WZjQUV6g9FNH_F4AaABAg.AEv-ecFf35JAGpAq2GbO38,Yg_AOZjHt3M,UC2hXoKeNpVAz8HfqKGlfEEQ,2025-04-12T17:04:37Z,UgxY6WZjQUV6g9FNH_F4AaABAg,중립
버츄얼 아이돌 소신발언,피지컬갤러리,대댓글,@나-x5r7m,"버추얼 아이돌 팬인데 기타 다른 아이돌들도 여럿 좋아하는 잡덕으로서 극성팬, 잼민이팬과 아줌마팬은 모든 팬덤에 존재함..ㄹㅇ로",21,2025-05-01T16:28:28Z,0,UgxY6WZjQUV6g9FNH_F4AaABAg.AEv-ecFf35JAHa1nvViY8O,Yg_AOZjHt3M,UCgoInZP1MEXesNjkb0uhPUA,2025-05-01T16:28:28Z,UgxY6WZjQUV6g9FNH_F4AaABAg,긍정
버츄얼 아이돌 소신발언,피지컬갤러리,최상위 댓글,@팬교-e6t,"아이돌은 우상, 다시 말해 많은 사람들로부터 신처럼 숭배를 받거나 사랑을 받는 존재이기 때문에 버추얼도 아이돌이 맞죠.",25,2024-12-16T01:16:57Z,0,UgzvAn04_9j0AFe2HzF4AaABAg,Yg_AOZjHt3M,UCTmjAXCpBgOZSYYYZtkGtxw,2024-12-16T01:21:05Z,,긍정
버츄얼 아이돌 소신발언,피지컬갤러리,최상위 댓글,@Ssunt,좋아하는건 이해하는데 현실화가 안되는게 많으니 그 이질감에 대한 호불호는 어쩔수 없는듯,85,2024-12-13T16:01:35Z,3,UgyvR1LHT0bFY2uyubF4AaABAg,Yg_AOZjHt3M,UCuZzyVbtJf8jfrXvkQuiulQ,2024-12-13T16:01:35Z,,긍정
버츄얼 아이돌 소신발언,피지컬갤러리,대댓글,@ksijssiw,호불호수준이 아니라 인스타나 틱톡보면 진심 악의가 가득함,41,2025-04-24T23:03:58Z,0,UgyvR1LHT0bFY2uyubF4AaABAg.AC-4EJI3ArZAHJiVVX-GDy,Yg_AOZjHt3M,UCAzZx7ju2YYCKKaC1z6PdUQ,2025-04-24T23:03:58Z,UgyvR1LHT0bFY2uyubF4AaABAg,중립
버츄얼 아이돌 소신발언,피지컬갤러리,대댓글,@나-x5r7m,"지금 버추얼 팬들 대부분도 처음 봤을 땐 불호였을거임. 나도 지금은 팬인데 초반에 인상찌푸리면서 채널 추천안함 여러 번 누르고 다녔었음

이건 당연한 건데 ㄹㅇ 불호를 넘어서서 그들이 나오는 영상은 절대 지나치지 못하고 조롱의 한마디를 남겨야만 하는 사람들이 많음 특히 인스타에.. 그런 애들은 버추얼뿐 아니라 이곳저곳의 사람들을 쉽게 재단하고 비웃는 걸 좋아함",16,2025-05-01T16:23:54Z,0,UgyvR1LHT0bFY2uyubF4AaABAg.AC-4EJI3ArZAHa1HOlHHYR,Yg_AOZjHt3M,UCgoInZP1MEXesNjkb0uhPUA,2025-05-01T16:24:13Z,UgyvR1LHT0bFY2uyubF4AaABAg,긍정
버츄얼 아이돌 소신발언,피지컬갤러리,대댓글,@maehwa1218,이것도 다 한떄일거임 결국 왜 버츄얼전에 이런 포지션에서 매맞던게 게임과 애니 이런거였음 그당시 애니 좋아한다 그러면 오타쿠 지금이야 오타쿠 씹덕 이런게 그냥 가볍게 받아들여지는게 아닌 진짜 사회부적응자 이런느낌도 좀 있었음 근데 이젠 어떻게됨? 많은 사람들이 게임을 즐기고 애니를 보니까 저런 단어들도 결국 가볍게 받아들여지게 된거임 버튜버들도 시간이 지나면 다 자연스레 받아들여 질거임,3,2025-09-25T19:08:23Z,0,UgyvR1LHT0bFY2uyubF4AaABAg.AC-4EJI3ArZANVpxp4f62S,Yg_AOZjHt3M,UCIFrmV10VOOYsdBanw5zayw,2025-09-25T19:08:23Z,UgyvR1LHT0bFY2uyubF4AaABAg,긍정
버츄얼 아이돌 소신발언,피지컬갤러리,최상위 댓글,@blue_half_moon_bear,역시 신동 진정한 아이돌 멋지다.,41,2025-01-04T01:37:36Z,0,Ugxg_hQDK_34Qz-W1Dd4AaABAg,Yg_AOZjHt3M,UCstUBPzXoCNVsHIA6N6guow,2025-01-04T01:37:36Z,,긍정
버츄얼 아이돌 소신발언,피지컬갤러리,최상위 댓글,@dum5083,속시원한 발언이긴 하다 ㅋㅋㅋㅋ,8,2025-03-28T08:51:54Z,0,UgwIlCvyys0olIJTZIF4AaABAg,Yg_AOZjHt3M,UCDtUhXu4UhesWxgggwl9W6Q,2025-03-28T08:51:54Z,,중립
버츄얼 아이돌 소신발언,피지컬갤러리,최상위 댓글,@이선우-k5s,"관점을 그 안에 사람이 아니라 그 캐릭터를 본다면 버츄얼 시장도 재밋는 요소임
나도 처음엔
 ""와 진짜 저런 거 좋아 하는 애들 다 씝덕 같은데 도대체 왜 좋아 하는거지? 좋아 할 이유가 없는데""  
이런 생각이였는데 단순하게 생각 하면 우리가 애니 캐릭터 좋아 하는 것 처럼 그냥 우리랑 대화 하는 애니 캐릭터라고 생각 하면서 보니깐 재밋긴 함 그 버튜버가 쿵스건 존예건 그렇게까지 중요하진 않은 듯",13,2025-02-24T01:09:49Z,0,Ugz7Ugkuh9JkWVa4xHh4AaABAg,Yg_AOZjHt3M,UCdIFjmX-YebKQQNutwFcCVA,2025-02-24T01:09:49Z,,긍정
버츄얼 아이돌 소신발언,피지컬갤러리,최상위 댓글,@brettastia,시대의 수요 속에서 나오는게 직업이고 큰 인기로 증명해줬으니까 인정해야한다고 느낍니당,5,2025-03-24T09:00:24Z,0,Ugx6elc-5BaJisSxY3F4AaABAg,Yg_AOZjHt3M,UCfzTGYFnS6rCp0VcGUoPPyw,2025-03-24T09:00:24Z,,중립
버츄얼 아이돌 소신발언,피지컬갤러리,최상위 댓글,@kijunum4904,신동이 한창 아이돌 이미지에서 가장 다르게 나왔던 사람이기도 해,26,2024-12-13T10:21:12Z,0,UgzO1x97zCVMFKLPvrh4AaABAg,Yg_AOZjHt3M,UCB5FZj83iRPpqvQx4erEsRg,2024-12-13T10:21:12Z,,중립
버츄얼 아이돌 소신발언,피지컬갤러리,최상위 댓글,@IlIlIlllllIIIlIIIll,"아이돌도 몇년전만해도 딴따라 소리듣고 개무시당하고 지금도 배우 아이돌 급나눠서 무시당하고..ㅋㅋㅋ 어디서든 무시만 안하면되는데 그 간단한걸 모름 무언가를 무시하면 나도 반드시 어디에선가 차별을 받고 무시를 당할수 있단걸 기억해야됨
2세대 아이돌때부터 덕질햇었는데 지쨔 그때 생각하면 ㅠㅠㅋㅋㅋ 괜히 그때 아이돌들이 독기품고 쌩라 갈겼던게 아님....",17,2025-06-24T02:03:10Z,1,UgxBo4vqEzzwPf9bFQt4AaABAg,Yg_AOZjHt3M,UCThFyNZalzqZS7Hd1rUzqwQ,2025-06-24T02:03:10Z,,중립
버츄얼 아이돌 소신발언,피지컬갤러리,대댓글,@ThevelvetundergroundnNico,딴따라는 아이돌만 그런게 아니라 음악 아티스트 전체를 말하는거 아님? 현대의 광대잖음 근데 뭐 어떰,0,2026-01-18T11:37:11Z,0,UgxBo4vqEzzwPf9bFQt4AaABAg.AJjXhVqUAXtAS78jiDYQVf,Yg_AOZjHt3M,UCKg6BCJfI9l81WZoBxMC5lQ,2026-01-18T11:37:11Z,UgxBo4vqEzzwPf9bFQt4AaABAg,중립
버츄얼 아이돌 소신발언,피지컬갤러리,최상위 댓글,@abelian8128,수요가 있으니 공급이 있지,23,2025-05-13T10:24:27Z,2,UgzFX21Nvg1HvimBmd94AaABAg,Yg_AOZjHt3M,UCzUrnRMAQmzy1L6Ig2Xs1ig,2025-05-13T10:24:27Z,,중립
버츄얼 아이돌 소신발언,피지컬갤러리,대댓글,@nustyle8349,엄연히따지면 공급을 먼저한건데 수요가 발생이 된거죠,0,2025-12-31T13:10:00Z,0,UgzFX21Nvg1HvimBmd94AaABAg.AI3HgHAo8OuAROy2jHFYJc,Yg_AOZjHt3M,UCVol63HCakKQn_ZFURQDcaQ,2025-12-31T13:10:00Z,UgzFX21Nvg1HvimBmd94AaABAg,중립
버츄얼 아이돌 소신발언,피지컬갤러리,대댓글,@super-pig00,​@nustyle8349 ㄴㄴ 씹덕들의 수요가 있었음,0,2026-01-01T16:16:02Z,0,UgzFX21Nvg1HvimBmd94AaABAg.AI3HgHAo8OuARRs8ClgjDC,Yg_AOZjHt3M,UCPLJG6L79V1SEFBaDxzCOQg,2026-01-01T16:16:02Z,UgzFX21Nvg1HvimBmd94AaABAg,중립
버츄얼 아이돌 소신발언,피지컬갤러리,최상위 댓글,@김승진-v6y,"난 아직 낯설긴해 마주보고
 주고받는게 있다는 입장이라",86,2024-12-11T08:33:01Z,6,UgzgMg1cMOb74X1sN9N4AaABAg,Yg_AOZjHt3M,UC0aqbn8SDTonLXQp1_f9LUg,2024-12-11T08:33:01Z,,중립
버츄얼 아이돌 소신발언,피지컬갤러리,대댓글,@junwonpark7996,솔직히 말하면 버추얼이나 일반 아이돌이나 별 차이없음 아이돌들도 얼굴 고치고 성형 싹 다 함 그러고 환상+성적 매력을 파는거임.,12,2025-04-12T17:03:49Z,0,UgzgMg1cMOb74X1sN9N4AaABAg.ABu7JBx3u0aAGpAkEJTdR3,Yg_AOZjHt3M,UC2hXoKeNpVAz8HfqKGlfEEQ,2025-04-12T17:03:49Z,UgzgMg1cMOb74X1sN9N4AaABAg,중립
버츄얼 아이돌 소신발언,피지컬갤러리,대댓글,@김승진-v6y,@junwonpark7996  지랄하네 없긴,0,2025-04-12T17:34:11Z,0,UgzgMg1cMOb74X1sN9N4AaABAg.ABu7JBx3u0aAGpEDZ6DvQi,Yg_AOZjHt3M,UC0aqbn8SDTonLXQp1_f9LUg,2025-04-12T17:34:11Z,UgzgMg1cMOb74X1sN9N4AaABAg,중립
버츄얼 아이돌 소신발언,피지컬갤러리,대댓글,@Hees6988,아이돌을 아디서 마주봄?,1,2025-04-24T11:26:30Z,0,UgzgMg1cMOb74X1sN9N4AaABAg.ABu7JBx3u0aAHITg8qBdN6,Yg_AOZjHt3M,UCqfAF47RnZRMzixh3-1u5VA,2025-04-24T11:26:30Z,UgzgMg1cMOb74X1sN9N4AaABAg,중립
버츄얼 아이돌 소신발언,피지컬갤러리,대댓글,@김승진-v6y,@Seoy6988  어디긴 공연이지,1,2025-04-24T11:56:41Z,0,UgzgMg1cMOb74X1sN9N4AaABAg.ABu7JBx3u0aAHIX8DMkzfv,Yg_AOZjHt3M,UC0aqbn8SDTonLXQp1_f9LUg,2025-04-24T11:56:41Z,UgzgMg1cMOb74X1sN9N4AaABAg,중립
버츄얼 아이돌 소신발언,피지컬갤러리,대댓글,@김승진-v6y,@junwonpark7996 애쓴다,0,2025-04-24T11:56:51Z,0,UgzgMg1cMOb74X1sN9N4AaABAg.ABu7JBx3u0aAHIX9R32gTF,Yg_AOZjHt3M,UC0aqbn8SDTonLXQp1_f9LUg,2025-04-24T11:56:51Z,UgzgMg1cMOb74X1sN9N4AaABAg,중립
버츄얼 아이돌 소신발언,피지컬갤러리,최상위 댓글,@hh3977,다른 분야는 몰라도 아이돌은 정석 이러면 안될 것 같긴 해,6,2024-12-11T08:54:56Z,0,Ugxkkwj0Tn3Z58vfFix4AaABAg,Yg_AOZjHt3M,UCejN78qQLQrw5TMu4OHrbXQ,2024-12-11T08:54:56Z,,중립
버츄얼 아이돌 소신발언,피지컬갤러리,최상위 댓글,@민수-q3h,이해하긴 어렵지만 인기가 증명하긴해 돈이되니까,5,2025-02-26T15:20:06Z,0,UgxBh3FNh-6nV5HoaPR4AaABAg,Yg_AOZjHt3M,UCjfZwkHU5X0t6gOjkoJgDpQ,2025-02-26T15:20:37Z,,중립
버츄얼 아이돌 소신발언,피지컬갤러리,최상위 댓글,@ehk2676,"요즘 이북을 읽거나 오디오북을 듣는 것을 두고 이걸 독서라고 할 수 있느냐 아니냐는 논란이 있다고 하는데... 버츄얼 아이돌도 비슷한 느낌인 거 같아요.

이북이나 오디오북이나 종이책이나 그 안에 담긴 내용물은 같은데 누군가는 이게 '실물'이어야만 책이라고 정의하는 거고 누군가는 '내용물'이 같다면 이 또한 책이라고 부르는 거죠.
저는 이 시대가 이북과 오디오북 또한 책이라고 정의하는 시대라고 생각해요.",34,2025-04-22T13:18:29Z,0,UgxGOjxM1sFVap9O81l4AaABAg,Yg_AOZjHt3M,UCI-yW0rgdL7hd2JpRyR1eYg,2025-04-22T13:18:29Z,,중립
버츄얼 아이돌 소신발언,피지컬갤러리,최상위 댓글,@바잘이,"오
열린 마인드
멋집니다 ㅋㅋㅋ",3,2024-12-17T12:07:20Z,0,UgxDV462pW62uN9whnB4AaABAg,Yg_AOZjHt3M,UCk8cm47UXVKa1aDun1I0kPg,2024-12-17T12:07:20Z,,중립
버츄얼 아이돌 소신발언,피지컬갤러리,최상위 댓글,@cho-kj6ud,버츄얼 안 봐서 관심도 없지만 결국은 상품성 문제임 안 팔리면 자연스레 사장당하는데 팔리잖아 ㅋㅋㅋㅋ 그럼 인정해줘야지,60,2024-12-11T08:55:33Z,6,Ugxjb8L9UwvlDqv-HSZ4AaABAg,Yg_AOZjHt3M,UC6VnPsX5ChRkFdoXM6wzAcA,2024-12-11T08:55:33Z,,중립
버츄얼 아이돌 소신발언,피지컬갤러리,대댓글,@쬬쬬쬬쬬쬬쬬,상품성이 있다는건 인정 그렇다고 기존의 아이돌이랑 같은 선상에 두고 취급하는건 인정 x,2,2024-12-11T09:46:30Z,0,Ugxjb8L9UwvlDqv-HSZ4AaABAg.ABu9tHjc6vpABuFiRESZDP,Yg_AOZjHt3M,UCpv-7NabfFGNykYjZLlyNDg,2024-12-11T09:46:30Z,Ugxjb8L9UwvlDqv-HSZ4AaABAg,중립
버츄얼 아이돌 소신발언,피지컬갤러리,대댓글,@두더지-o4r,@쬬쬬쬬쬬쬬쬬 같은 선상에 두고 취급이란게 무슨 취급 말하는거임?,20,2024-12-12T01:04:21Z,0,Ugxjb8L9UwvlDqv-HSZ4AaABAg.ABu9tHjc6vpABvtkxFMfGL,Yg_AOZjHt3M,UC1uo8thJwjy4nmVH-SjZTvQ,2024-12-12T01:04:21Z,Ugxjb8L9UwvlDqv-HSZ4AaABAg,중립
버츄얼 아이돌 소신발언,피지컬갤러리,대댓글,@jmjm9724,"​@쬬쬬쬬쬬쬬쬬기존 아이돌 모르고 버츄얼도 모르겠는데 뭐가 다르지 노래하고 춤추고 어차피 아이돌 가치는 상품성 아닌가요 실력과 노력은 필요치 않아요  얼마나 많은 수요로 경제적으로 이익을 보냐
아이돌=상품",23,2024-12-12T10:09:51Z,0,Ugxjb8L9UwvlDqv-HSZ4AaABAg.ABu9tHjc6vpABwsBEviNcm,Yg_AOZjHt3M,UCR4I8drBSYRKd3682bsVrxA,2024-12-12T10:09:51Z,Ugxjb8L9UwvlDqv-HSZ4AaABAg,중립
버츄얼 아이돌 소신발언,피지컬갤러리,대댓글,@나무사연,@쬬쬬쬬쬬쬬쬬 기존 아이돌의 기준 자체가 없는데 뭔 ㅋㅋㅋㅋ,6,2025-06-02T12:28:15Z,0,Ugxjb8L9UwvlDqv-HSZ4AaABAg.ABu9tHjc6vpAIs-kS-Uk-x,Yg_AOZjHt3M,UCTPh4pF4PLuoHWgIqYkXpWQ,2025-06-02T12:28:15Z,Ugxjb8L9UwvlDqv-HSZ4AaABAg,중립
버츄얼 아이돌 소신발언,피지컬갤러리,대댓글,@BbAnG149,"@쬬쬬쬬쬬쬬쬬 어차피 얼굴이 드러나지 않았다는 이유 하나로 그러는거 아님? 그러면 반대로, 끼 있고 노래 재능 있는 사람이 단순히 외모가 되지 않는다는 이유로 자신이 원하는 것을 하지 못하고 살게 된다면 그거에 대해서는 어떻게 생각함? 얼굴을 드러내는건 개인으로서는 실 밖에 없는데 그 하나를 강요하면서 절대 인정 못한다고 하는 것도 웃기지 않나? 다들 아이돌은 그걸 감수하면서 하니까 대단한거다 하는데, 굳이 질 필요 없는 리스크를 질 필요가 있는건가?",6,2025-06-23T01:17:48Z,0,Ugxjb8L9UwvlDqv-HSZ4AaABAg.ABu9tHjc6vpAJgsiI_Ou1b,Yg_AOZjHt3M,UCMjUrtd1wKS1MTowIUj_f6Q,2025-06-23T01:17:48Z,Ugxjb8L9UwvlDqv-HSZ4AaABAg,중립
버츄얼 아이돌 소신발언,피지컬갤러리,최상위 댓글,@카민-t8w,"아이돌 좋아하는건 사람마다 다르니까 
😊😊😊😊",4,2024-12-16T10:50:09Z,0,Ugw2D0wAu0N8BuysrIB4AaABAg,Yg_AOZjHt3M,UCavUawDwWP1cJpg8nd_KYnw,2024-12-16T10:50:09Z,,긍정
버츄얼 아이돌 소신발언,피지컬갤러리,최상위 댓글,@박박박-k9b,내가 검색해 봤는데 사이버 가수 아담이라고 버츄얼 아이돌은 이미 있던거 아님?,5,2024-12-13T04:50:44Z,0,UgxHNhsPYhChKdSkP3V4AaABAg,Yg_AOZjHt3M,UC025MXlt7CPoo5Wq-oFjYVA,2024-12-13T04:50:44Z,,중립
버츄얼 아이돌 소신발언,피지컬갤러리,최상위 댓글,@godchangsup-1,"모든 엔터테인먼트는 수요가 곧 진리다
수요가없거나 적으면 투자가 없어 망하는 세계임.
정석이니 뭐니는 중요한게아니지
인기가 있느냐 없느냐 이것만 중요함",4,2025-05-05T23:10:19Z,0,UgzvHBwIIklKwIWZbGt4AaABAg,Yg_AOZjHt3M,UCsVxNTWzXjJxf03Y71eigQA,2025-05-05T23:10:19Z,,중립
버츄얼 아이돌 소신발언,피지컬갤러리,최상위 댓글,@풀리팔리,어떻게든 안받아들이려고 뭐라도 하나 꼬투리 잡는게 그렇게 꼰대 같을수가 없음.. 애초에 기준이 뭔데 좋아해주는 팬들 있고 실력 출중하면 가수 맞쟈나~,59,2025-02-06T12:15:25Z,3,UgwJrCQOIP1zscCqEaR4AaABAg,Yg_AOZjHt3M,UCrsEgZ-VxfohCp_dKWEHu9w,2025-02-06T12:15:25Z,,긍정
버츄얼 아이돌 소신발언,피지컬갤러리,대댓글,@성이름-o8h9c,ㄹㅇ,5,2025-02-16T15:11:45Z,0,UgwJrCQOIP1zscCqEaR4AaABAg.AECI42oXJceAEbMCE3r4rs,Yg_AOZjHt3M,UCIU1o0yREEwW42BkhlIWsyQ,2025-02-16T15:11:45Z,UgwJrCQOIP1zscCqEaR4AaABAg,중립
버츄얼 아이돌 소신발언,피지컬갤러리,대댓글,@팩트폭행으로전치192주,실력이.. 출중해?,4,2025-03-16T23:15:34Z,0,UgwJrCQOIP1zscCqEaR4AaABAg.AECI42oXJceAFkJpHrljT6,Yg_AOZjHt3M,UCWnHCmSo5SyflX5NCxZCpjQ,2025-03-16T23:15:34Z,UgwJrCQOIP1zscCqEaR4AaABAg,중립
버츄얼 아이돌 소신발언,피지컬갤러리,대댓글,@nameless_the_mist,​@팩트폭행으로전치192주예,6,2025-04-29T09:01:56Z,0,UgwJrCQOIP1zscCqEaR4AaABAg.AECI42oXJceAHV56_XDZmm,Yg_AOZjHt3M,UCJ4FM0kTuHjXu3z6O2g80bw,2025-04-29T09:01:56Z,UgwJrCQOIP1zscCqEaR4AaABAg,중립
버츄얼 아이돌 소신발언,피지컬갤러리,최상위 댓글,@이건희-s4v,팬덤 수준보면   아이돌 이상이긴함 ㅋㅋㅋㅋㅋ,4,2025-04-28T14:15:35Z,0,UgwzCSGdh7FUK1nti9N4AaABAg,Yg_AOZjHt3M,UCNdHrf-rWT-J0cpaAhQ7D5g,2025-04-28T14:15:35Z,,중립
버츄얼 아이돌 소신발언,피지컬갤러리,최상위 댓글,@유이현-g7f,"불호는 있을 수 있죠ㅠ 저도 버츄얼 아이돌의 팬으로서 그런 생각 가질 수 있다는 사실 압니다. 그런데 무지성으로 깎아내리는 사람들이 너무 많다는 게 슬픈 일입니다. 정말 왜 우리가 그들을 좋아하는지 안다면 과연 그런 말을 할 수 있을까 싶은 생각이 듭니다. 잘 알지 못하면서 무조건적으로 '얘네는 이렇다'라고 못 박아버리는 태도는 비단 이런 상황에서 뿐만 아니라 삶을 살아가는 데 있어서 큰 장애물로 작용할 수도 있다는 사실을 아셨으면 합니다..  특성 상 어쩔 수 없이 악플도 많이 달리고, 안 좋은 시선도 있겠지만 그래도 제 글을 읽고 조금이나마 생각이 달라지실 수도 있으니,, 쨌든 너무 속이 시원해지는 영상이네요",7,2025-10-27T17:27:47Z,0,Ugy8mqBXK8OtqX9D6FB4AaABAg,Yg_AOZjHt3M,UCOmEzmM7pP8-FwDWQxzaSzQ,2025-10-27T17:27:47Z,,긍정
버츄얼 아이돌 소신발언,피지컬갤러리,최상위 댓글,@PLLIKIMs,💙💜💗♥️🖤,9,2025-09-26T07:26:07Z,0,Ugz_RDrvLg3HnL99SuJ4AaABAg,Yg_AOZjHt3M,UC84XpD0rdGkEyxx-ygHLnUA,2025-09-26T07:26:07Z,,중립
버츄얼 아이돌 소신발언,피지컬갤러리,최상위 댓글,@발광머리앤S2,"아이돌 어원 자체가 우상인건데
가수로서의 능력보단 어리고 이쁘고 잘생긴거로 착각하는 사람 꽤 있는 듯",61,2024-12-12T21:09:32Z,1,UgysnkjJDUxfBF9Xf8B4AaABAg,Yg_AOZjHt3M,UC57CiEWdKkYsMmJyIexFVNQ,2026-01-18T12:18:28Z,,중립
버츄얼 아이돌 소신발언,피지컬갤러리,대댓글,@ThevelvetundergroundnNico,"한국에서 아이돌은 그런거 맞긴해… 외국에서는 idol:우상인거고 한국이나 일본에서 아이돌이라고 말하면 서양인이랑 생가하는게 다른 이유가 문화 차이임. 서양은 일본/한국식 아이돌이라는게 없으니깐. 여러명에서 춤추면서 어린 소녀들한테 환상 심어줘서 자기 자신이 남자친구 인것 처럼 느껴지게 하는게 “아이돌”임. 

너가 말하는건 단어 그 자체고",2,2026-01-18T11:41:24Z,0,UgysnkjJDUxfBF9Xf8B4AaABAg.ABy2g-RWxgfAS79DeA2WM3,Yg_AOZjHt3M,UCKg6BCJfI9l81WZoBxMC5lQ,2026-01-18T11:41:54Z,UgysnkjJDUxfBF9Xf8B4AaABAg,중립
버츄얼 아이돌 소신발언,피지컬갤러리,최상위 댓글,@chs-p1,"버츄얼 체급이 이렇게나 높을줄 몰랐음
걍 매니아층만 저격한줄 알았는데 생각보다 좋아하는 사람이 엄청 많은듯",71,2024-12-11T09:15:13Z,15,UgzkbW1w2TLnna0orK14AaABAg,Yg_AOZjHt3M,UCxDbO471NKskkM2CAMqtWWQ,2024-12-11T09:15:13Z,,긍정
버츄얼 아이돌 소신발언,피지컬갤러리,대댓글,@쬬쬬쬬쬬쬬쬬,그게 다 매니아층임,33,2024-12-11T09:44:17Z,0,UgzkbW1w2TLnna0orK14AaABAg.ABuC8Gpv_D7ABuFTAxjebq,Yg_AOZjHt3M,UCpv-7NabfFGNykYjZLlyNDg,2024-12-11T09:44:17Z,UgzkbW1w2TLnna0orK14AaABAg,중립
버츄얼 아이돌 소신발언,피지컬갤러리,대댓글,@chs-p1,@쬬쬬쬬쬬쬬쬬 아 그래? 난 또 내가 요즘 문화를 못따라가는줄,1,2024-12-11T10:27:19Z,0,UgzkbW1w2TLnna0orK14AaABAg.ABuC8Gpv_D7ABuKOMa6QPU,Yg_AOZjHt3M,UCxDbO471NKskkM2CAMqtWWQ,2024-12-11T10:41:41Z,UgzkbW1w2TLnna0orK14AaABAg,중립
버츄얼 아이돌 소신발언,피지컬갤러리,대댓글,@잉-b4c,근데 아이돌도 매니아층 저격하는거 아닌...가?,48,2024-12-11T12:29:05Z,0,UgzkbW1w2TLnna0orK14AaABAg.ABuC8Gpv_D7ABuYKCuOII_,Yg_AOZjHt3M,UCC6AzG-MUz7b9W8p2pkDxPg,2024-12-11T12:29:05Z,UgzkbW1w2TLnna0orK14AaABAg,중립
버츄얼 아이돌 소신발언,피지컬갤러리,대댓글,@chs-p1,@잉-b4c 내가 좀 이상한건지 몰라도 예쁘거나 잘생긴 연예인 알고리즘에 뜨면 가끔씩 보는데 버츄얼 캐릭터는 아무리 인기 많고 재밌어도 접근하기가 어려움,2,2024-12-11T13:03:07Z,0,UgzkbW1w2TLnna0orK14AaABAg.ABuC8Gpv_D7ABubDWhHrJe,Yg_AOZjHt3M,UCxDbO471NKskkM2CAMqtWWQ,2024-12-11T13:03:07Z,UgzkbW1w2TLnna0orK14AaABAg,긍정
버츄얼 아이돌 소신발언,피지컬갤러리,대댓글,@kshvmfl,대신 거기 끼리끼리지,2,2024-12-11T16:03:27Z,0,UgzkbW1w2TLnna0orK14AaABAg.ABuC8Gpv_D7ABuvrLABBFL,Yg_AOZjHt3M,UCXqAzy59d0B3PljYp5BLF1A,2024-12-11T16:03:27Z,UgzkbW1w2TLnna0orK14AaABAg,중립
버츄얼 아이돌 소신발언,피지컬갤러리,최상위 댓글,@ouoono210,거부해도 상관없는데 남 좋아하는거 굳이 참견 할 필욘없지,4,2025-04-27T12:35:39Z,0,UgzSIuJ5GDmljVA5ZZV4AaABAg,Yg_AOZjHt3M,UCr100qSVuEzD-dA_w9Xm5Bg,2025-04-27T12:35:39Z,,긍정
버츄얼 아이돌 소신발언,피지컬갤러리,최상위 댓글,@퓨퓨-s1j,이뻐야만 아이돌 하는것도 아니고 애초에 연예인이란건 사람을 홀릴수있는 매력이 있냐 없냐로 나뉘는거임 그 매력이 다른 사람들에게 소비되냐 안되냐,1,2026-01-11T01:15:16Z,0,UgzYSP2UuE23-HE3pLR4AaABAg,Yg_AOZjHt3M,UChoz8TTfPe-uns8QPvekdIg,2026-01-11T01:15:16Z,,중립
버츄얼 아이돌 소신발언,피지컬갤러리,최상위 댓글,@jeagyunshin9496,"신동이 잘집었음... 보통 저런 말 하는 사람들이 대부분 꼰대 특성을 많이 지니고 있음
기존에 체제나 포멧이 아니면 거부하는 발전이 없는 사람들임
정상적인 범주의 사람이라면 일단 '관찰'을 먼저하고 '분석'을 하지
'그게 아니다' 라며 존재를 부정하진 않음",3,2025-11-01T15:08:48Z,0,Ugy0jxye8TQv9nUaGY14AaABAg,Yg_AOZjHt3M,UCn6VsjrLm9UHm_frzldhYEQ,2025-11-01T15:09:14Z,,중립
버츄얼 아이돌 소신발언,피지컬갤러리,최상위 댓글,@KH-cr6jd,신동 공혁준인줄,4,2024-12-11T13:01:15Z,0,UgxMw1kIZ-fFbu8abZx4AaABAg,Yg_AOZjHt3M,UCdsnMGydKxsN1S0xjbiAagA,2024-12-11T13:01:15Z,,중립
버츄얼 아이돌 소신발언,피지컬갤러리,최상위 댓글,@ABC-js1os,"난...모르겠다 아직도
나만 안보면 되지 뭐",5,2025-02-23T06:18:14Z,0,UgwD02w9KEpgvJWCoLt4AaABAg,Yg_AOZjHt3M,UCPtbLL5peLekvzORoD2JbtA,2025-02-23T06:18:14Z,,중립
버츄얼 아이돌 소신발언,피지컬갤러리,최상위 댓글,@dddd-kj1vl,오늘의 교훈: 인기가 곧 정석이다.,2,2025-04-02T21:21:42Z,0,UgxNf0IiASktmU38HkR4AaABAg,Yg_AOZjHt3M,UCjtrHuT1h5Dh3bZbqwAD3wQ,2025-04-02T21:21:42Z,,중립
버츄얼 아이돌 소신발언,피지컬갤러리,최상위 댓글,@dksfjieoslmakljsd,"난 싫다 이해못하겠다 그러나 다름을 인정한다 존중한다 = 정상, 그게뭐냐 미쳤냐 그건 아니다 틀렸다 그게 뭐하는짓이냐 비난 = 비정상, 존중하고 취향 다름을 인정해줘라 = 정상, 이걸 왜 이해못하냐 이게 얼마나 좋은데 오픈마인드를 가져라 이해강요 = 비정상",6,2025-04-30T10:22:51Z,0,UgwvdMA_FAlcNqpw5o94AaABAg,Yg_AOZjHt3M,UCV5Zjk9Hfz3WjP7EnDpRwxg,2025-04-30T10:23:11Z,,중립
버츄얼 아이돌 소신발언,피지컬갤러리,최상위 댓글,@asdfhk-17q,아이돌도 처음에 저게 무슨 가수냐로 시작했던 분야였고 가수는 예술가가 아니라 딴따라라고 천하게 보던 직업이었지. 모든 분야는 처음에는 비판받다가 나중에는 인정받고 새로운 분야에 대한 비교대상이 되는 것 같음.,8,2024-12-14T12:38:22Z,1,UgwEt4tQ_-WLWR7HzKJ4AaABAg,Yg_AOZjHt3M,UCqsSA-Mg1AJkyVlmB_4LDDA,2024-12-14T12:38:22Z,,중립
버츄얼 아이돌 소신발언,피지컬갤러리,대댓글,@ThevelvetundergroundnNico,그건 지금도 다를게 없음,0,2026-01-18T11:38:49Z,0,UgwEt4tQ_-WLWR7HzKJ4AaABAg.AC1HlqrPROcAS78vgVrf7F,Yg_AOZjHt3M,UCKg6BCJfI9l81WZoBxMC5lQ,2026-01-18T11:38:49Z,UgwEt4tQ_-WLWR7HzKJ4AaABAg,중립
버츄얼 아이돌 소신발언,피지컬갤러리,최상위 댓글,@GUGFYUS8HS8GS7GSU,내가 응원하고 싶고 함께 만들어가는게  아이돌이다,1,2025-06-11T17:28:19Z,0,UgyTbfaYkDqWM32CHYB4AaABAg,Yg_AOZjHt3M,UCT9M6GpWOsgw4j2gVAM4iTw,2025-06-11T17:28:19Z,,긍정
버츄얼 아이돌 소신발언,피지컬갤러리,최상위 댓글,@자라는자라,취향은 존중하지만 본능이 거부함,29,2024-12-11T17:27:39Z,2,UgyxNvjUb_Q6H3-SQPV4AaABAg,Yg_AOZjHt3M,UCRxH4la-1bgfeTokiG8KKAg,2024-12-11T17:27:39Z,,중립
버츄얼 아이돌 소신발언,피지컬갤러리,대댓글,@Chichen_Boss,다 그래요 플레이브 팬들도 처음엔 다 그렇게 시작했거든요😅,1,2025-05-02T18:07:13Z,0,UgyxNvjUb_Q6H3-SQPV4AaABAg.ABv4Uwsa75wAHcmu-UXMIW,Yg_AOZjHt3M,UCrqLAzDbMwi7dNqBiuGqAbA,2025-05-02T18:07:13Z,UgyxNvjUb_Q6H3-SQPV4AaABAg,중립
버츄얼 아이돌 소신발언,피지컬갤러리,대댓글,@오모이다스,​@Chichen_Boss 그건모르겠고 그냥 거부하면 관심없음누르고 지나감뎌고 흥미가 생기면 찾아보면됨,3,2025-07-07T17:08:48Z,0,UgyxNvjUb_Q6H3-SQPV4AaABAg.ABv4Uwsa75wAKHcfsi6_w-,Yg_AOZjHt3M,UCzzub21VdNvGIWlRO68Xq5Q,2025-07-07T17:08:48Z,UgyxNvjUb_Q6H3-SQPV4AaABAg,중립
버츄얼 아이돌 소신발언,피지컬갤러리,최상위 댓글,@짱짱러닝,"그냥 모든 분야에서
남들한테 피해만 안주면 되는거지 뭐 ㅋㅋ
나도 이해는 안가지만
굳이 욕하고싶지는않음",5,2025-03-08T11:40:59Z,0,Ugwgf-NQkXc9XH5-1C54AaABAg,Yg_AOZjHt3M,UCQ4lWOPy7IMDvWQC1j8jefw,2025-03-08T11:40:59Z,,중립
버츄얼 아이돌 소신발언,피지컬갤러리,최상위 댓글,@JDC-조두철,경찰이 이따금씩 견찰 이라고 욕 먹는 이유가 머임? 얼굴이 못생겨서? 외모가 별로라서? ㄴㄴ 일을 똑바로 안했을 경우임. 가수도 마찬가지. 그 직업에 걸맞는 역량이 있으면 됨. 아이돌 가수들이 가끔 노래 못부른다고 욕 먹잖음? ㅇㅇ 노래랑 춤만 잘 추면 됨. 간단 버츄얼이든 뭐든 그냥 노래랑 춤만 잘 추면 됨. 단 반대로 노래도 못 부르고 춤도 못 춘다? 그럼 인정 못하지 안하지. 저게 뭔 가수냐 소리 나오는거,26,2025-04-25T09:39:08Z,6,Ugyy6UU8AqEFi9P_eD94AaABAg,Yg_AOZjHt3M,UCS7p24eOgdmSwurJJd0C2kQ,2025-04-25T09:39:08Z,,부정
버츄얼 아이돌 소신발언,피지컬갤러리,대댓글,@yomamte,원래 아이돌이 하는일중 대다수를 차지하는 일인 외모관리 사생활관리는 아예 안해도 되는건데 아이돌이랑 똑같은 취급을 받길 원하는거잖아 ㅋㅋ저능임? 경계선?,0,2025-06-22T03:56:18Z,0,Ugyy6UU8AqEFi9P_eD94AaABAg.AHKrBXVFzSTAJea3N9fyM8,Yg_AOZjHt3M,UC6WUmmLFTkIMl66QzsgiZ8w,2025-06-22T03:56:18Z,Ugyy6UU8AqEFi9P_eD94AaABAg,중립
버츄얼 아이돌 소신발언,피지컬갤러리,대댓글,@JDC-조두철,@yomamte  왜 노래랑 춤을 빼 먹음..? 장원영이 못 생겨서 욕 먹었던가? 코첼라에서 르세라핌이 전원 다 못 생겨서 욕 먹었던가?,8,2025-06-22T06:20:30Z,0,Ugyy6UU8AqEFi9P_eD94AaABAg.AHKrBXVFzSTAJeqZVzkZN6,Yg_AOZjHt3M,UCS7p24eOgdmSwurJJd0C2kQ,2025-06-22T06:20:30Z,Ugyy6UU8AqEFi9P_eD94AaABAg,중립
버츄얼 아이돌 소신발언,피지컬갤러리,대댓글,@BbAnG149,"@yomamte 외모 관리하느라 실력 관리 못할거면 차라리 실력이나 관리 했으면 하고, 사생활 관리 이러는데 그 사생활도 관리 해야함. 좀만 엇나가면 뒷얘기 엄청 돌아다니고 실시간으로 방송 채팅이나 영상 댓글에 욕이 우수수 달리는데 관리 안 할까? 그리고 그냥 인정만 해달라고, 배척하지만 말아달라고 하는데 그게 그리 어렵나? 끼랑 재능이 있으면 되는거 아님?",4,2025-06-23T01:26:28Z,0,Ugyy6UU8AqEFi9P_eD94AaABAg.AHKrBXVFzSTAJgthoCCe5A,Yg_AOZjHt3M,UCMjUrtd1wKS1MTowIUj_f6Q,2025-06-23T01:26:28Z,Ugyy6UU8AqEFi9P_eD94AaABAg,중립
버츄얼 아이돌 소신발언,피지컬갤러리,대댓글,@오모이다스,​@yomamte 말투보니까 딱 수준나옴 아이돌들이랑 버츄얼아이돌이랑 다를빠없어ㅋㅋ 우월하다 생각하지마ㅋㅋㅋㅋㅋ 뭘 비교를해ㅋㅋㅋ 능력으로 보면 버츄얼아이돌하는사람들이 더 우월할수도 있는건데 그런 외모가 뛰어나야한다는 시대 뒤떨어진 사고로 남 인신공격이나하고 장애인비하하는거보면 진짜 역겹다 너ㅋㅋ,0,2025-07-07T17:06:36Z,0,Ugyy6UU8AqEFi9P_eD94AaABAg.AHKrBXVFzSTAKHcQqKkBCK,Yg_AOZjHt3M,UCzzub21VdNvGIWlRO68Xq5Q,2025-07-07T17:06:36Z,Ugyy6UU8AqEFi9P_eD94AaABAg,중립
버츄얼 아이돌 소신발언,피지컬갤러리,대댓글,@오모이다스,​@BbAnG149심지어 버츄얼이 사생활 훨씬 많이 주목받음ㅋㅋㅋ,1,2025-07-07T17:07:25Z,0,Ugyy6UU8AqEFi9P_eD94AaABAg.AHKrBXVFzSTAKHcWlTRgPf,Yg_AOZjHt3M,UCzzub21VdNvGIWlRO68Xq5Q,2025-07-07T17:07:25Z,Ugyy6UU8AqEFi9P_eD94AaABAg,중립
버츄얼 아이돌 소신발언,피지컬갤러리,최상위 댓글,@intaechoi6996,"아이돌은 그냥 광대 그 이상이 아님
사건터지면 공인이 조심해야지 하는데 왜 아이돌이 공인임? 공적인 일을 하는사람이 공인인데 아이돌은 관심없어지면 끝나는 광대 그 이상 그 이하도 아님
결국 인기가 척도인게 맞음",5,2024-12-13T13:01:41Z,0,Ugw8lsljgmoyOpKJaUN4AaABAg,Yg_AOZjHt3M,UCjdZsvPUWDsRM7sfAboDzqQ,2024-12-13T13:01:41Z,,중립
버츄얼 아이돌 소신발언,피지컬갤러리,최상위 댓글,@Gyachafart-heat,동희 내가 진차 한번 사랑한닥!!,1,2025-04-16T17:26:33Z,0,UgwDUateFBycOtEJurZ4AaABAg,Yg_AOZjHt3M,UCwNE-tqly8avXzU1TtUOjAA,2025-04-16T17:26:33Z,,긍정
버츄얼 아이돌 소신발언,피지컬갤러리,최상위 댓글,@huchupeppper,"애초에 버츄얼 캐릭 뒤에 뭐가 있을줄 알고? 왜 숨김? 이런 마인드라서 음지라고 하는거지 본질은 어느 아이돌처럼 노래하고 소통, 교류하는건 똑같음. 
어렸을때 마크 유튜버 즐겨보기도했고 성우도 좋아하고 그랬던 사람으로써 그렇게 장벽이 높진 않다고 생각함
그래도 익숙하지 않은 사람이 많겠지만 아이돌=자기관리, 외모가 디폴트라는 사람들은 뭐 자기들은 관리 안해서 그런 말하는건가봄..",18,2025-03-10T03:01:35Z,0,Ugy_MX50TyZE5tN7pdh4AaABAg,Yg_AOZjHt3M,UCIbF0AdnjvT9XctdK_rTReA,2025-03-10T03:01:35Z,,긍정
버츄얼 아이돌 소신발언,피지컬갤러리,최상위 댓글,@뚤기-158cm,"보기 싫으면 안보면 된다 
왜 굳이 찾아 와서 까지 욕을하냐",4,2025-10-24T16:21:46Z,0,Ugw5aB8g1ETUFlw--Ih4AaABAg,Yg_AOZjHt3M,UC5eqAn3SS7BMFu6lr8AHH8g,2025-10-24T16:21:46Z,,중립
버츄얼 아이돌 소신발언,피지컬갤러리,최상위 댓글,@user-fzero07,현역 베테랑 아이돌이기에 할 수 있는 말.,2,2025-10-27T05:35:23Z,0,UgzdSRQ9t_CJpNaTk7h4AaABAg,Yg_AOZjHt3M,UCGKsEzFxikTCKShgjVO0miA,2025-10-27T05:35:23Z,,중립
버츄얼 아이돌 소신발언,피지컬갤러리,최상위 댓글,@징라니,"기존 아이돌이랑은 완전히 다르긴 함
버츄얼은 개인방송, 팬들과의 소통이 메인이고
기존 아이돌은 노래 뮤비 연예계 쪽이 메인이니까
그냥 기존이랑 버츄얼은 완전히 다르게 구분 짓는게 맞는듯",35,2024-12-11T10:35:03Z,5,Ugzbhz_3T1Dd-qL8vZ14AaABAg,Yg_AOZjHt3M,UCnCMI1jib_wIJ_6Cw2CNJxQ,2024-12-11T10:35:03Z,,중립
버츄얼 아이돌 소신발언,피지컬갤러리,대댓글,@user-bf5mi6op3v,"완전히 다르다고 할 수 있을까요? 버츄얼 중에서도 노래를 아이돌이나 가수 수준만큼 잘하는 사람들이 있고, 그걸 주력으로 삼는 사람들도 많으니 이제 그런 구분은 무의미하다고 봅니다. 그리고 ""아이돌""이란 말 자체가 우상이란 뜻인데, 버츄얼 아이돌도 누군가의 선망의 대상, 목표가 되니 더더욱 그 경계는 모호하다고 봐야죠.",6,2024-12-15T04:30:48Z,0,Ugzbhz_3T1Dd-qL8vZ14AaABAg.ABuLH05HmDeAC2zlhrLv8K,Yg_AOZjHt3M,UCzQgGNj9zqvSk_YSN88FmnQ,2024-12-15T04:30:48Z,Ugzbhz_3T1Dd-qL8vZ14AaABAg,중립
버츄얼 아이돌 소신발언,피지컬갤러리,대댓글,@smk5469,"​@user-bf5mi6op3v 메인으로 '활동' 한다는 뜻이지, 메인이 실력을 말하는게 아닌거같습니다",1,2024-12-17T11:05:56Z,0,Ugzbhz_3T1Dd-qL8vZ14AaABAg.ABuLH05HmDeAC8q_Pp9seK,Yg_AOZjHt3M,UChX0_KC5s9912WE9URspJLg,2024-12-17T11:05:56Z,Ugzbhz_3T1Dd-qL8vZ14AaABAg,중립
버츄얼 아이돌 소신발언,피지컬갤러리,대댓글,@amin5902,공감합니다! 활동하는 영역도 다르고 비추어지는 이미지도 다르기에 현실 아이돌은 현실 아이돌 버츄얼아이돌은 버츄얼아이돌로 보는게 맞죠. 어떤 사람들에게는 낯설수는 있겠지만 혐오하거나 깎아내리지만은 않았으면 좋겠네요 둘다 팬들한테는 소중한 연예인들일테니까요,3,2024-12-17T11:32:30Z,0,Ugzbhz_3T1Dd-qL8vZ14AaABAg.ABuLH05HmDeAC8tc1wQ56O,Yg_AOZjHt3M,UCXkPNOfwhwDgaX2wc2h8lXQ,2024-12-17T11:32:30Z,Ugzbhz_3T1Dd-qL8vZ14AaABAg,중립
버츄얼 아이돌 소신발언,피지컬갤러리,대댓글,@zzaga0,"뭘 기준으로 말 꺼낸건지는 알겠는데
일본돌이 먼저니까 소통위주 버츄얼이
더 원시적임.... k아이도루 대선배들이
독특했고 이제는 전부가 원시화 됫음
 다 소통형으로 변했지 
앨범 사서 만나러가자낭",0,2025-01-06T09:26:20Z,0,Ugzbhz_3T1Dd-qL8vZ14AaABAg.ABuLH05HmDeACxA4RXi7Jn,Yg_AOZjHt3M,UCwqZ42uEoE-mvf8s-vmtofA,2025-01-06T09:26:20Z,Ugzbhz_3T1Dd-qL8vZ14AaABAg,중립
버츄얼 아이돌 소신발언,피지컬갤러리,대댓글,@nameless_the_mist,아이돌보다는 방송인에 좀 더 가깝긴 함,1,2025-04-29T09:02:39Z,0,Ugzbhz_3T1Dd-qL8vZ14AaABAg.ABuLH05HmDeAHV5BqNkcRN,Yg_AOZjHt3M,UCJ4FM0kTuHjXu3z6O2g80bw,2025-04-29T09:02:39Z,Ugzbhz_3T1Dd-qL8vZ14AaABAg,중립
버츄얼 아이돌 소신발언,피지컬갤러리,최상위 댓글,@할머니우리-d6m,크으.....미쳤따,1,2025-11-09T09:36:26Z,0,Ugw8uzi0gZdwP9I-Rpp4AaABAg,Yg_AOZjHt3M,UCjP4ppekXV1hB3py1HfM4Kw,2025-11-09T09:36:26Z,,중립
버츄얼 아이돌 소신발언,피지컬갤러리,최상위 댓글,@알리미0228,일반 아이돌이 라이브 외모 춤 다 안되거나 모자른거 보단 버츄얼에 실력 최상인게 훨씬 괜찮을듯 버츄얼 꿀 빤다 뭐 이런 말 같지도 않은 소리 하는데 반대로 그런말 하는 사람들은 자기들이 노력해서 만든 결과물을 뒤에서 욕하고 부정하고 하면 기분 나빠 할거면서 왜 그러는 거임? 뭐 어떻게 꿀빠는 건데? 라이브? 무대? 버츄얼도 다 직접 하는데 왜 그러는 거냐고 솔직히 요즘 음방 다 립싱크 하잖아 라이브 필수 무대 아니면 다 립싱크 똑같이 하는데 얼마나 실패한 인생을 살았길래 좀만 생각 해보면 나오는 답을 생각안하고 그냥 짐승마냥 무지성으로 말을 뱉어 버리냐 당연히 익숙 하지 않아서 호불호 갈릴수 있어 관심이 없으면 굳이 댓글에 더러운 똥 남기지 말고 걍 넘겨 ㅋㅋ 뭐 억지로 보라고 강요했나? 지들이 굳이 재생해서 보고 굳이 안적어도 되는 아무도 안물어본 말을 적는거야 왜 도대체 왜!!! 그런 악플 적는 친구들아 니들논리대로 하면 똑같이 버츄얼 아이돌로 데뷔해서 똑같이 성공 할수 있겠네? 노래 안무 직접 만들고? 되겠냨ㅋㅋ?  말이 되는 소리를 해라 짐승마냥 무지성으로 살거면 뭐하러 머리 달고 꾸역꾸역 살고 있냐 그냥 죽고 다시 태어 나는게 나을거 같은데 사회에 도움 1도 안된다 굳이 살아 있어도😂,39,2025-04-16T11:22:21Z,0,Ugy8chvHNGT28y22hMt4AaABAg,Yg_AOZjHt3M,UCgpocYUhw4J-lR1dD73t7fg,2025-04-16T11:22:21Z,,중립
버츄얼 아이돌 소신발언,피지컬갤러리,최상위 댓글,@루나-j4b,신동햄 멋지다,2,2025-11-18T16:08:40Z,0,UgwalsZPS7qrzWmiwBJ4AaABAg,Yg_AOZjHt3M,UCgPHycA0hGq92OT15Y3__LQ,2025-11-18T16:08:40Z,,긍정
버츄얼 아이돌 소신발언,피지컬갤러리,최상위 댓글,@hayeop,호불호 있을수있음 이해? 못할수있음 근데 이해안된다는 이유만으로 뭐라하는건 좀 아닌것같음,4,2025-08-04T05:45:48Z,0,UgwT7SB0yX-4r70JTOZ4AaABAg,Yg_AOZjHt3M,UCcDk2qq35N_DQHo3-glIiZg,2025-08-04T05:45:48Z,,중립
버츄얼 아이돌 소신발언,피지컬갤러리,최상위 댓글,@미쯔딸기워너블,"버추얼 아이돌 팬 박수치고 갑니다,,👏🏻👏🏻",1,2025-06-12T03:16:35Z,0,UgwnlUMtDfUzEL96ZC14AaABAg,Yg_AOZjHt3M,UCgMasJXhFNiCeHtxV8xrnMQ,2025-06-12T03:16:35Z,,중립
버츄얼 아이돌 소신발언,피지컬갤러리,최상위 댓글,@티코-twins,사회책과 도덕책의 기준,1,2025-10-03T21:56:54Z,0,UgwDSyyDm7Rf43A9wUN4AaABAg,Yg_AOZjHt3M,UCb9YtfUGO5UbDj9mKj67b6Q,2025-10-03T21:56:54Z,,중립
버츄얼 아이돌 소신발언,피지컬갤러리,최상위 댓글,@느릿느릿-q5b,정석은 누군가의 개척의 길이라는것. 즉 시선을 안좋게 본다는것은 꼰대가 맞음. 새로운 시도를. 사람들은 언제나 관례 관습 과거를 들먹이면서 훈수질하니까,20,2024-12-11T09:09:23Z,0,Ugx1iry5yL0krAZaG654AaABAg,Yg_AOZjHt3M,UCGq-RNbirdd5wYZNg64IjMg,2024-12-11T09:09:54Z,,부정
버츄얼 아이돌 소신발언,피지컬갤러리,최상위 댓글,@어서오세요-c8v,그냥 '인기 많은데에는 이유가 있겄지~' 하고 넘기면 정신건강에도 좋고 그게 남을 존중하는 방법인데 왜 굳이 남의 취향을 왜 이해하려고 함? 어차피 직접 좋아해보지 않으면 이해못할거 본인들도 알잖아ㅋㅋㅋㅋㅋㅋㅋㅋ,28,2025-05-03T17:43:15Z,1,Ugx5NsoDKoW6zmFDYSV4AaABAg,Yg_AOZjHt3M,UCh0TwXmOI32nIv07f0tg0_w,2025-05-03T17:43:15Z,,긍정
버츄얼 아이돌 소신발언,피지컬갤러리,대댓글,@쩜점-c6o,자기가 아니라고 생각하는 건 아니어야 직성이 풀리는 인간이 많아서 그럼 안 그러면 본인이 시대 흐름에 뒤떨어지는 사람인 것 같잖아 그냥 단순 호불호 문제일 뿐인데도...,0,2025-10-16T07:42:46Z,0,Ugx5NsoDKoW6zmFDYSV4AaABAg.AHfJxQXXNwTAOKgBb2UJJK,Yg_AOZjHt3M,UC9DX0u4_YIkF2uO-bTfN1Cg,2025-10-16T07:42:46Z,Ugx5NsoDKoW6zmFDYSV4AaABAg,중립
버츄얼 아이돌 소신발언,피지컬갤러리,최상위 댓글,@highskynomad,너무 멋있다 신동..,0,2025-07-10T03:38:28Z,0,UgwOWFLg2H3AmwOAlr14AaABAg,Yg_AOZjHt3M,UC6A6lGLxCz6D9JoZuA9tYyw,2025-07-10T03:38:28Z,,중립
버츄얼 아이돌 소신발언,피지컬갤러리,최상위 댓글,@user-habialfrontier,지금 와서 보니깐 진짜 힘들었겠네 강지가.. 방송에서 말 못할 고민도 많았고.. 항상 응원한다 감자!,0,2025-07-08T23:42:37Z,0,UgyZ8a31ImMu-sx2Oad4AaABAg,Yg_AOZjHt3M,UCom-mLOmgwcRzZu6XXVDIKQ,2025-07-08T23:42:37Z,,긍정
버츄얼 아이돌 소신발언,피지컬갤러리,최상위 댓글,@Writion,"애초에 아이돌을 안 봐서 버추얼이든 아니든 상관은 없는데 아이돌은 커녕 가수도 딴따라 취급받던 걸 고려하면 남한테 강요 안하고 법, 도덕, 사회 규범에 어긋나지 않는다면 문제될 건 없지 그게 자유민주주의 국가니까",21,2024-12-11T09:25:52Z,1,UgzLv4rNHxdqoA3iZkx4AaABAg,Yg_AOZjHt3M,UCHpBBSkAdsFelpS-RRy7qgw,2024-12-11T09:25:52Z,,중립
버츄얼 아이돌 소신발언,피지컬갤러리,대댓글,@강규석-q1q,애초에 노근본 직업이면서 자유추구도아니고 정석타령하는거보면 웃겨요,4,2024-12-17T11:15:16Z,0,UgzLv4rNHxdqoA3iZkx4AaABAg.ABuDMHS0_oBAC8rdpffoHS,Yg_AOZjHt3M,UCvcUAq2s2MJJuBTJYn8ScQg,2024-12-17T11:15:16Z,UgzLv4rNHxdqoA3iZkx4AaABAg,긍정
버츄얼 아이돌 소신발언,피지컬갤러리,최상위 댓글,@yukim0912,보는 관점에 대해선 배려가 있어야 하고 자기 기준에 맞지 않는다고 매도하는건 잘못된 행위죠 서로 존중하며 좋아하는것을 응원하는게 좋은것 같습니다 서로시기하며 싸우지않도록 좋은 인터넷 사회가 되길 바래요,1,2025-11-10T16:05:42Z,0,Ugy6RgBhciPc6zAaTK94AaABAg,Yg_AOZjHt3M,UCr2kEpJfhHEEPNgo5KUXShQ,2025-11-10T16:05:42Z,,긍정
버츄얼 아이돌 소신발언,피지컬갤러리,최상위 댓글,@싱클레어_아내,내가 버츄얼 아이돌 좋아한다고 말할때마다 최근에 들은 버츄얼 아이돌 논란이나 개그로 떠도는 요소 이야기 꺼내던 과거 친구에게 보여주고싶은 영상이군요 ㅎㅎ😊,23,2025-04-22T11:23:24Z,2,UgzmCjtYx_-tDSKzDGh4AaABAg,Yg_AOZjHt3M,UCLELHlDBJHHV9Ije7uuX0fA,2025-04-22T11:23:24Z,,긍정
버츄얼 아이돌 소신발언,피지컬갤러리,대댓글,@uckfouchen,너네는 버튜버 판에서도 개큰지뢰일텐데,3,2025-07-05T01:01:26Z,0,UgzmCjtYx_-tDSKzDGh4AaABAg.AHDJjfLBhgGAKAkO0Xz8we,Yg_AOZjHt3M,UCQlpneMtKjURo8JFKWXAq5Q,2025-07-05T01:01:26Z,UgzmCjtYx_-tDSKzDGh4AaABAg,중립
버츄얼 아이돌 소신발언,피지컬갤러리,대댓글,@오모이다스,재밌긴하잖아ㅋ 그런거 못받아주면 인식 더 나빠짐,0,2025-07-07T16:57:22Z,0,UgzmCjtYx_-tDSKzDGh4AaABAg.AHDJjfLBhgGAKHbNDo8AN-,Yg_AOZjHt3M,UCzzub21VdNvGIWlRO68Xq5Q,2025-07-07T16:57:22Z,UgzmCjtYx_-tDSKzDGh4AaABAg,긍정
버츄얼 아이돌 소신발언,피지컬갤러리,최상위 댓글,@donghyugkim7514,곡과 이미지를 프로듀싱 받아서 팬덤을 만족시키는 장사를 하면 아이돌이지 뭘 누구는 아이돌이고 누구는 아이돌이 아니고 ㅋㅋㅋ,2,2025-10-29T16:28:47Z,0,UgxXmu6E92ofLUs32wR4AaABAg,Yg_AOZjHt3M,UClM64RohBPr-0coKt1iqVbQ,2025-10-29T16:28:47Z,,중립
버츄얼 아이돌 소신발언,피지컬갤러리,최상위 댓글,@EPL최고근본아스톤빌라,존중만 해주세욤,1,2026-01-24T23:54:26Z,0,UgzgHeuVAaUrXSC2yPV4AaABAg,Yg_AOZjHt3M,UCaakFXdX7RfoEdTAbzzYwpg,2026-01-24T23:54:26Z,,중립
버츄얼 아이돌 소신발언,피지컬갤러리,최상위 댓글,@호룰롤롱,그냥 앤디 워홀이 한 말이 딱임 일단 유명해지면 그게 버츄얼이고 듀라한이고 아무 상관이 없음,1,2025-04-25T20:45:25Z,0,Ugyc4iYGl1EO3zQBJLB4AaABAg,Yg_AOZjHt3M,UCUOmv0h6fii4bbx-DS0Zb8Q,2025-04-25T20:45:25Z,,중립
버츄얼 아이돌 소신발언,피지컬갤러리,최상위 댓글,@JDABEGI,와..... 시원하다,0,2025-05-05T15:17:11Z,0,Ugxse7W_zhiMQ1Mg9Ml4AaABAg,Yg_AOZjHt3M,UCq-SiVzcF6-UpTWL6j2X_AQ,2025-05-05T15:17:11Z,,중립
버츄얼 아이돌 소신발언,피지컬갤러리,최상위 댓글,@치즈빵-g9p,"일본 여행갔을때 시장이 엄청 커서 놀랐죠
여기저기 광고판에 붙어있고 심지어는 티비광고에도  게임? 같은 버츄얼도 등장하고 있길래 사뭇 다른 거 보고 신기했던",0,2024-12-16T08:59:05Z,0,Ugx9EV9Z1KPa-Qweqb54AaABAg,Yg_AOZjHt3M,UCIalB6iUJ2BOAuA-GEo93aw,2024-12-16T08:59:05Z,,중립
버츄얼 아이돌 소신발언,피지컬갤러리,최상위 댓글,@지나가던공시생,아이돌도 어찌보면 가수라는 카테고리에서 파생된 것 처럼 버츄얼 아이돌도 상업적인 효과만 있다면 인정받을 자격 충분합니다.,0,2025-09-16T08:08:09Z,0,Ugw3AHYIuc5vxGogPRt4AaABAg,Yg_AOZjHt3M,UCKsrr1cPVhEQwnHlL-2qz8g,2025-09-16T08:08:09Z,,중립
버츄얼 아이돌 소신발언,피지컬갤러리,최상위 댓글,@얼럴렐레,근데 웃긴게 걔네가 욕하든 말든 플레이브는 돈 존 나 벌고 있음 ㅋㅋㅋㅋㅋㅋ,2,2025-10-19T16:05:55Z,0,UgwsUoHVly7JhU56dvF4AaABAg,Yg_AOZjHt3M,UCVTqtO6x8Kv5k1_mhXpVDAg,2025-10-19T16:05:55Z,,중립
버츄얼 아이돌 소신발언,피지컬갤러리,최상위 댓글,@be_a_Goodman,처음엔 누구나 외적으로 거부반응이 있을 수 있지 하지만 그 문화를 좋아하고 열광하는 사람들이 많아지면 그 문화가 자리잡고 시대가 변하는거임 이세계아이돌 처음 나왔을때 진심 찌푸리면서 봤음 지금은 버튜버 잘만 봄 결국 시대는 변하게 되어있고 점점 빨라질건데 이거 적응 못하면 본인만 손해보는거,1,2025-10-24T03:45:00Z,0,UgzraBkG0pPDbmRVK014AaABAg,Yg_AOZjHt3M,UCFjmC4cSEJ9OMMg9lRUQ3Fw,2025-10-24T03:45:00Z,,긍정
버츄얼 아이돌 소신발언,피지컬갤러리,최상위 댓글,@검은무덤,그 '정석의 아이돌' 업계의 소비층마저도 '빠돌이' '빠순이' 취급하며 멸시하던 시대과정도 있었던걸 생각하면 그냥 이 또한 한 순간의 변화일 뿐이라고 생각함...,11,2024-12-11T09:04:10Z,0,Ugyc1aiTmXYqZV74fhx4AaABAg,Yg_AOZjHt3M,UCB9JroEA7LCplJSrbSraUqA,2024-12-11T09:04:10Z,,중립
버츄얼 아이돌 소신발언,피지컬갤러리,최상위 댓글,@클러치히터로규,버츄얼 아이돌이 아이돌이 안될 이유도 없고.... 난 오히려 윈터 열애설 보면 버츄얼 아이돌이 남팬들 위해서 방송하고 열심히 팬관리하는게 더 기특함,1,2026-01-04T01:51:49Z,0,UgwemHB7ERPLcBIeoW14AaABAg,Yg_AOZjHt3M,UCHZZzynD7Lxdo0Bg5U6s5oA,2026-01-04T01:51:49Z,,중립
버츄얼 아이돌 소신발언,피지컬갤러리,최상위 댓글,@아월-s4c,오빠 미아내.... 나 꼰대여써..,1,2025-03-29T01:24:01Z,0,UgwlWebQ7TCoBSwrtQF4AaABAg,Yg_AOZjHt3M,UCXhz_N6ZYv7oz8Mt0ulBoKw,2025-03-29T01:24:01Z,,중립
버츄얼 아이돌 소신발언,피지컬갤러리,최상위 댓글,@레긴레이브,기술이 발전하고 보급됨에 따라 시선은 계속 변할거임 지금도 되게 많이 바뀐거더라,0,2025-12-28T09:57:42Z,0,UgyKaZaUN1Ag8k7zV5p4AaABAg,Yg_AOZjHt3M,UC9EFB843aDzMtHeal92rjdw,2025-12-28T09:57:42Z,,중립
버츄얼 아이돌 소신발언,피지컬갤러리,최상위 댓글,@MetthewTheWolf,정석아이돌이란 말도 웃긴게 아이돌이란 말을 수면위로 끌어올린게 프랭크 시나트라 였는데 정석아이돌은 무슨소리인가 싶음ㅋㅋㅋ,0,2025-10-30T10:07:09Z,0,UgwBxywjuooVllvFms94AaABAg,Yg_AOZjHt3M,UC9nVkMeP4iJeL2mf2JReVBw,2025-10-30T10:07:09Z,,중립
버츄얼 아이돌 소신발언,피지컬갤러리,최상위 댓글,@JayHun08,여기서도 이세돌 ㅋㅋㅋ,1,2025-09-16T04:25:38Z,0,Ugx9VrhB4Ln5fQSCVzV4AaABAg,Yg_AOZjHt3M,UCKzBDk90HFHSpk951bCSKiw,2025-09-16T04:25:38Z,,중립
버츄얼 아이돌 소신발언,피지컬갤러리,최상위 댓글,@난데-f8y,아이돌이라는 직업을 비틀어 버린사람이 신동이니까 ㅋㅋㅋㅋㅋㅋㅋㅋㅋㅋㅋㅋㅋㅋㅋㅋㅋㅋㅋㅋㅋㅋㅋㅋ 섭외 진짜 잘하셨다 여기에 반박하려면 최소 슈주이상 경력인사람이 해야함 근데 해도 그냥 꼰대되는거지 아이돌 아니라 가수냐 라고 까면 슩튽훈이 막는다,0,2025-12-19T20:54:34Z,0,UgyWfl3yRiZt35Lj2AV4AaABAg,Yg_AOZjHt3M,UCw0LnK_hTvLIwDxOwzkmP7g,2025-12-19T20:54:34Z,,중립
버츄얼 아이돌 소신발언,피지컬갤러리,최상위 댓글,@HOYUM-yh7te,오래가는이유가있어요~~~,1,2025-12-18T15:32:44Z,0,Ugzr7KlxQ0LHrE4SszZ4AaABAg,Yg_AOZjHt3M,UCiHW3CFa0ac-9fl5iMrtpyg,2025-12-18T15:32:44Z,,중립
버츄얼 아이돌 소신발언,피지컬갤러리,최상위 댓글,@jin-ih9jf,난 꼰대였어 ….,3,2025-02-21T23:22:12Z,0,UgzSg7Vmx-JuA7GZ7pR4AaABAg,Yg_AOZjHt3M,UC_sEZVfUky5h-6BIS30R1lQ,2025-02-21T23:22:12Z,,중립
버츄얼 아이돌 소신발언,피지컬갤러리,최상위 댓글,@뵥뵥이-t1r,"10개월전 영상인데 지나가다 보여서… 에이펙 랩몬이 한말이 생각난다 케이팝이 인기있는이유가 비빔밥이어서 라고 다 포용하고 맛있게 섞으니까 인기있는거라고, 버츄얼 아이돌도 맛있으니까 다들 먹는거임ㅜㅜ 평양냉면 좋아하는 사람한테 가서 굳이 함흥냉면이 더 맛있는데 평양냉면은 냉면아니다, 평양냉면을 왜먹냐 하는 사람들은 취향에 대한 배려가 없는거다…😢",2,2025-11-03T04:01:03Z,0,UgyVHcv8VTQR5be2B4N4AaABAg,Yg_AOZjHt3M,UCTzBm2MndZiuseugTNTiApg,2025-11-03T04:01:03Z,,긍정
버츄얼 아이돌 소신발언,피지컬갤러리,최상위 댓글,@hayeop,"이미 사람들의 고정관념을 깨본 사람의 말이긴하지
신동님도 처음에는 안좋은 시선을 받아보셨으니까
결국 슈퍼주니어는 성공했으니 저런말을 할 수 있으신거아닌가..",1,2025-08-04T05:39:51Z,0,UgzzHd38nZFpLTnuHjV4AaABAg,Yg_AOZjHt3M,UCcDk2qq35N_DQHo3-glIiZg,2025-08-04T05:41:24Z,,부정
버츄얼 아이돌 소신발언,피지컬갤러리,최상위 댓글,@046046,"뭐 비인도적이거나 범죄적인 
그런걸 따르고 좋아하는게 아니고서야
남들이 뭘 좋아하든 말든
신경쓸게 있나",0,2026-01-10T15:51:07Z,0,UgyoFmLTFzNSXV4E_1p4AaABAg,Yg_AOZjHt3M,UCWyUuHRPAXWks-iwJydkNIw,2026-01-10T15:51:07Z,,긍정
버츄얼 아이돌 소신발언,피지컬갤러리,최상위 댓글,@Matt_Tongshan,웃긴 건 몇 년만 지나면 거기서도 이상한 정석이 생겨가지고 그게 무슨 버튜버냐 라고 꼰장질 할 놈들이 나올거라는 거임,0,2025-10-30T21:07:07Z,0,UgymxDvAo1aVMbnAS0V4AaABAg,Yg_AOZjHt3M,UCuA21-LpFjcG2ytxNRSoK5Q,2025-10-30T21:07:20Z,,중립
버츄얼 아이돌 소신발언,피지컬갤러리,최상위 댓글,@PLBBUU,"플레이브 들어보라고 했을때 편견때문에 안들어보다, 노래가 좋아 찾아보니 그들이었다..💙💜💗❤️🖤",2,2025-10-26T09:18:18Z,0,UgyD0_SjQ7gCWdBIZsd4AaABAg,Yg_AOZjHt3M,UC1kZ0GQyNsyDq77iUXxbx-A,2025-10-26T09:18:18Z,,긍정
버츄얼 아이돌 소신발언,피지컬갤러리,최상위 댓글,@MMii0112,신동 고마워요ㅠㅠㅠ,0,2025-09-15T12:12:38Z,0,UgxhYBJ2m5pG52-91Zl4AaABAg,Yg_AOZjHt3M,UCJ_6RTkTlqMhDPhMHT304OQ,2025-09-15T12:12:38Z,,중립
버츄얼 아이돌 소신발언,피지컬갤러리,최상위 댓글,@colinasuka3330,실력 하나로 아이돌의 틀을 깨버린 장본인이라ㅋㅋㅋ 뭐라 할 말이 없다,0,2025-10-05T09:33:48Z,0,UgwiNK3emL4V9Mk2nhN4AaABAg,Yg_AOZjHt3M,UCfle5bGo8nkCeKtd1EvG4qQ,2025-10-05T09:33:48Z,,중립
버츄얼 아이돌 소신발언,피지컬갤러리,최상위 댓글,@훈발이-w4f,근데 가수랑 아이돌은 다른거 아닌가?,2,2025-02-26T02:47:51Z,0,UgxCQOvvOHbdLSbROnx4AaABAg,Yg_AOZjHt3M,UCrZrVX4rVfog4htPhi3IBng,2025-02-26T02:47:51Z,,중립
버츄얼 아이돌 소신발언,피지컬갤러리,최상위 댓글,@wwu-s5r,지금까지 살아 남은 이유,0,2025-09-21T14:30:56Z,0,UgxV1kVt8vahlRuKro54AaABAg,Yg_AOZjHt3M,UChj_9-Ps2ZNRHqLbBvrJdSg,2025-09-21T14:30:56Z,,중립
버츄얼 아이돌 소신발언,피지컬갤러리,최상위 댓글,@느루임,옛날에는 리얼 아이돌들도 안받아 들여지고 아이돌이 무슨 가수냐 소리도 나왔었다는데 그런거 보면 버츄얼 아이돌도 조금 더 시간이 지나면 정착하지 않을까?,0,2025-10-24T17:10:43Z,0,UgzC58Dsi6TRpicFY094AaABAg,Yg_AOZjHt3M,UCHnD8UiSpcF4Vsf4XgtQm-g,2025-10-24T17:11:05Z,,중립
버츄얼 아이돌 소신발언,피지컬갤러리,최상위 댓글,@rachel9098,😮,0,2025-02-21T11:43:42Z,0,UgzG5ad3Bgbhdr16L_t4AaABAg,Yg_AOZjHt3M,UCph1qt18UXDndlQSxHirzGQ,2025-02-21T11:43:42Z,,중립
버츄얼 아이돌 소신발언,피지컬갤러리,최상위 댓글,@paperatelier3832,썸네일 깜짝이야.... 내용은 정 반대네요,0,2025-10-19T11:37:40Z,0,UgygFW6AM1RwKkGJmIN4AaABAg,Yg_AOZjHt3M,UC10VHuRO6tg2nwG2AP8ymgA,2025-10-19T11:37:40Z,,중립
버츄얼 아이돌 소신발언,피지컬갤러리,최상위 댓글,@박한솔-m7d,신동이 뭔 아이돌이냐고 욕 진짜 많이먹었던 케이스지....,0,2025-12-20T17:44:38Z,0,UgwgEgGIG7aVFl1bZyd4AaABAg,Yg_AOZjHt3M,UCFBoVXE8yNzz4iIoI3wAWxg,2025-12-20T17:44:38Z,,중립
버츄얼 아이돌 소신발언,피지컬갤러리,최상위 댓글,@우마-n9k,"아이돌의 외모나 회사규모 따위가아닌
실력을 가장 중점으로 두고 판단한다면
버츄얼아이돌을 절대 배제할 수 없는 시대라고생각함",0,2025-04-26T02:30:46Z,0,Ugwo9ZKEL8VLL01FmjR4AaABAg,Yg_AOZjHt3M,UCTHcxwCYWAi6zoyksduC8SA,2025-04-26T02:30:46Z,,중립
버츄얼 아이돌 소신발언,피지컬갤러리,최상위 댓글,@Knowing_gun,버츄얼 아이돌은 아이돌마스터같은 부류라고 생각해요...,23,2024-12-11T08:44:13Z,1,UgxJUyTaimRAVT2tR994AaABAg,Yg_AOZjHt3M,UCT_33YYfCQi_GZB-Wv9d4Zw,2024-12-11T08:44:13Z,,중립
버츄얼 아이돌 소신발언,피지컬갤러리,대댓글,@이조-h6d,ㄹㅇ,0,2025-02-23T02:51:16Z,0,UgxJUyTaimRAVT2tR994AaABAg.ABu8aFeMLrKAEs30ym8C8N,Yg_AOZjHt3M,UCVVb3b93fxzGhpFUU7tOnaw,2025-02-23T02:51:16Z,UgxJUyTaimRAVT2tR994AaABAg,중립
버츄얼 아이돌 소신발언,피지컬갤러리,최상위 댓글,@gopop7722,음지인건 확실한데 노래는좋음,3,2025-02-15T10:52:40Z,0,UgwmqfgCnhTCEDfP5qV4AaABAg,Yg_AOZjHt3M,UCqoN7KMSIhBdEVY-Yugwbow,2025-02-15T10:52:40Z,,중립
버츄얼 아이돌 소신발언,피지컬갤러리,최상위 댓글,@dddnxjdw,신동은 활동 당시 현실에서 버츄얼 아이돌 취급받았잖음 ㅋㅋㅋㅋㅋ 그럼에도 예능에서 방송감 보여주면서 인기가 올랐으니까 ㅋㅋㅋ,0,2025-10-06T09:13:34Z,0,UgzJeSUs8DJCASHPY_h4AaABAg,Yg_AOZjHt3M,UCTdSmrCrEhVlZSBZGGzG8ng,2025-10-06T09:13:34Z,,중립
버츄얼 아이돌 소신발언,피지컬갤러리,최상위 댓글,@MisterLee523,알고리즘을 탄다? 본인이 관련영상을 찾아봤다는거임 본인이 찾아보지않은 영상은 본인한테 알고리즘 절대 안탐 결국 욕하는 애들 = 찾아보는 애들임 지들얼굴에 침뱉는격,1,2025-10-29T03:05:53Z,0,Ugws1ZCwpS2bRycUggB4AaABAg,Yg_AOZjHt3M,UCuMB_nq4PG5xAuTVTr3DYFg,2025-10-29T03:05:53Z,,중립
버츄얼 아이돌 소신발언,피지컬갤러리,최상위 댓글,@jamiePark-oddeye,"왜냐하면 가요계에서 가창력과 가사, 감정등을 잘 표현하여 라이브 하는것 그 자체가 가수의 영역이던 시절이 있었고 본인이 1.5-2세대 아이돌이 되어 고정관념, 틀 등을 깨어가며 데이터로 증명하고 월드투어도 하면서 그 과정을 직접 느껴봤기에 더 공감할것같음. 난 진짜 무지랭이라 야외콘서트는 그냥 인터넷방송처럼 캠 따서 하는줄로만 알았었는데 실제 공연 현장에 온다는게 신기했었음. 뭐 환경에 따라 약간의 거리를 두고 스튜디오를 빌려서 한경우도 있다곤 했는데 대부분 공연장 그 자체에서 같이 느끼고 호흡할 수 있는 콘서트장이라는게 아직도 뭔가 그냥 그렇게 말하니까 맞나보다...라는 정도이지 1의 의심도 없다곤 못하겠음.",0,2025-10-01T01:13:29Z,0,UgyuUUmNO61rqV7KHQ14AaABAg,Yg_AOZjHt3M,UCv5CmzPtOvH-YZ5n79Rhxyg,2025-10-01T01:13:29Z,,중립
버츄얼 아이돌 소신발언,피지컬갤러리,최상위 댓글,@matdoi1500,그냥 보고 싶으면 보고 안 땡기면 안보면 됨. 과거처럼 TV에 채널이 정해져 있어 제한적인 컨텐츠만 시청할 수 있는 시대가 아닌데 굳이 재밌는 것들 찾아 보기도 빠듯한 시간에 보기 싫은 것들 일부로 찾아다니면서 헐 뜯는데 인생낭비할 필요 없음.,0,2026-01-12T12:39:53Z,0,Ugwbzh4xcLKhTOKIiE54AaABAg,Yg_AOZjHt3M,UCyl_AE4g6kAOzsgkWSU5BmQ,2026-01-12T12:39:53Z,,긍정
버츄얼 아이돌 소신발언,피지컬갤러리,최상위 댓글,@aaddlls,실제로 돈이 되는데 남들 인정이 뭔 상관?이긴 해,1,2025-04-26T01:20:35Z,0,UgxYlBOOzEmvPvynB6N4AaABAg,Yg_AOZjHt3M,UCNxY8V0c9quIgTF_Y9MeRug,2025-04-26T01:20:35Z,,중립
버츄얼 아이돌 소신발언,피지컬갤러리,최상위 댓글,@pray5505,"본인도 음악가, 뮤지션이란 카테고리에서 떳떳하지못한 포지선으로 활동하고 밥벌어먹는데 내로남불 할 이유가 없지",1,2024-12-15T08:06:24Z,0,UgydoYDqM3SXNd3XpTt4AaABAg,Yg_AOZjHt3M,UCAO_fKMzXO_05IC6g8Osi7w,2024-12-15T08:06:24Z,,중립
버츄얼 아이돌 소신발언,피지컬갤러리,최상위 댓글,@zxcmn-q4v,결과는 곧 수요다,0,2025-08-28T01:03:24Z,0,UgzCA9o4O8Yir1qNwDF4AaABAg,Yg_AOZjHt3M,UChesi-Ts0ewT_83Ia1Ti3Tw,2025-08-28T01:03:24Z,,중립
버츄얼 아이돌 소신발언,피지컬갤러리,최상위 댓글,@유용제-t7s,신동은 통통해도 이목구비도 괜찮고 유쾌하게 자기몸 개그로 승화시키고 개그 담당해서 다른 얼굴 미남 동료들을 더 돋보이게끔 멘탈 관리에도 도움을 줌 통통한 동생역할로 누님팬들 인기를 차지했었음,0,2025-08-10T07:03:10Z,0,UgzVeHAsh-Qd_IE0Y0R4AaABAg,Yg_AOZjHt3M,UCYxx1qbttx7zUJJ6tSq75lg,2025-08-10T07:03:10Z,,중립
버츄얼 아이돌 소신발언,피지컬갤러리,최상위 댓글,@부채살스테이크,썸네일 악편이네 진짜 ㅋㅋㅋㅋ,0,2025-09-03T11:06:01Z,0,UgzOTN07VbsJSo6L2GR4AaABAg,Yg_AOZjHt3M,UCICU2MDdXeiJ6FumNIbsPfQ,2025-09-03T11:06:01Z,,중립
버츄얼 아이돌 소신발언,피지컬갤러리,최상위 댓글,@보리승,버츄얼아이돌을 좋아하는편은 아닌데 첫스타트를 시작한게 이세계아이돌이긴함 우왁굳이 우리끼리 놀자고 만든 아이돌인데 초대박날줄은 상상도 못햇으니ㅋㅋ,0,2025-01-21T05:01:38Z,0,UgykS7kQD0tSXVSABfV4AaABAg,Yg_AOZjHt3M,UCNDY4cFMQYbIPHxqAPy1AAw,2025-01-21T05:01:38Z,,긍정
버츄얼 아이돌 소신발언,피지컬갤러리,최상위 댓글,@2NTiTy,와 내용과 다르게 썸네일을 너무 악의적으로 뽑앗는데?,1,2025-10-17T17:18:48Z,0,UgwVAULVVxXzXu31ihZ4AaABAg,Yg_AOZjHt3M,UC3Pmaqk5PghNsTCHeOzhE2w,2025-10-17T17:19:13Z,,중립
버츄얼 아이돌 소신발언,피지컬갤러리,최상위 댓글,@riri-fq8yc,아담은 시대를 앞서갔다,0,2025-10-24T03:31:44Z,0,Ugwr8SXIjg2KnBa-FgZ4AaABAg,Yg_AOZjHt3M,UCZHgqG6n1Ncu6DRwzD1bkcg,2025-10-24T03:31:44Z,,중립
버츄얼 아이돌 소신발언,피지컬갤러리,최상위 댓글,@goodblessyou6293,"인기로 먹고 사는 직업이
인기가 없으면 일반인",0,2025-06-20T01:54:08Z,0,UgzJj9VkUp0CPuWXzsB4AaABAg,Yg_AOZjHt3M,UCGBjkIuS1i2h9Iiq9e2C1yw,2025-06-20T01:54:08Z,,중립
버츄얼 아이돌 소신발언,피지컬갤러리,최상위 댓글,@밤비의쫑긋,"'난' 별로다 -> 정상 
'난' 좋다 -> 정상 
저런걸 '왜 좋아하냐' -> 비정상 

호불호는 어디에나 있고 개인의 취향은 있음 
그 개인의 취향을 존중하지않고 비난비판하는 사람은 그냥 이빨 다 뽑아버려야함",15,2025-04-05T07:59:23Z,0,Ugx-fhKyXu6nG3SCVh14AaABAg,Yg_AOZjHt3M,UCdj6jzwwP2zB6BsTI4m9zYA,2025-04-05T07:59:56Z,,중립
버츄얼 아이돌 소신발언,피지컬갤러리,최상위 댓글,@호잇-h5f,이해하긴 힘들지만 그래도 인정함,1,2025-06-05T15:26:50Z,0,Ugzxtnn_VZNWZlbA3sp4AaABAg,Yg_AOZjHt3M,UCDkpOmyWSCNdGypdWSyD0Lw,2025-06-05T15:26:50Z,,중립
버츄얼 아이돌 소신발언,피지컬갤러리,최상위 댓글,@doyotoyo,"버츄얼 아바타는 부수적인거일뿐..

스트리머로서 멘트 치는거나 
게임을 플레이하는 방식이 재밌다거나 
다양한 썰을 잘푼다거나등등 다양한 이유때문에
버튜버 방송 본다고 생각.",1,2025-02-09T18:28:17Z,0,UgzNworDxGMH_P0BYpx4AaABAg,Yg_AOZjHt3M,UCtwE_KLA2Uwug0tLzY4wy_A,2025-02-09T18:28:17Z,,긍정
버츄얼 아이돌 소신발언,피지컬갤러리,최상위 댓글,@GwangMo,분류를 다르게 하긴해야할듯 ㅋㅋ,3,2024-12-17T10:39:44Z,0,UgzgRL9bqDQjQTHegqt4AaABAg,Yg_AOZjHt3M,UCIh1uHKUdZqy0gtCTAQTcmQ,2024-12-17T10:39:44Z,,중립
버츄얼 아이돌 소신발언,피지컬갤러리,최상위 댓글,@lilllillll7263,"저 아이돌들을 그 자체로 좋아하는 사람들이 있다는 것, 그 하나만으로도 아이돌이라 불리울 자격이 있다고 봅니다.",4,2024-12-16T06:07:14Z,0,UgwUiUMxJl6LB_9xwz54AaABAg,Yg_AOZjHt3M,UCm2H2rN5aPd37cydbKPPOhg,2024-12-16T06:07:14Z,,긍정
버츄얼 아이돌 소신발언,피지컬갤러리,최상위 댓글,@minmong-b1e,신동멋지다,0,2025-06-30T02:04:51Z,0,UgwVhdkM6Qf3ZNSIitN4AaABAg,Yg_AOZjHt3M,UCvkS69-tAxNT4IAmjDYRz7g,2025-06-30T02:04:51Z,,긍정
버츄얼 아이돌 소신발언,피지컬갤러리,최상위 댓글,@yomamte,어떻게 보면 결국 미래에는 저 버츄얼 캐릭터만 보고 좋아하는게 자연스러워질거고 당연해질거고 저들이 선구자들이고 엄청 대단하지만 지금으로 보면 솔직히 버츄얼로 인기 많다가 개못생긴사람 튀어나오면 엄청 이슈화되고 팬 반 이상이 사라질거 아님? 그런점이 좀 거부감들음,1,2025-06-22T03:47:37Z,0,UgydQbfZI4OHmoz3s9p4AaABAg,Yg_AOZjHt3M,UC6WUmmLFTkIMl66QzsgiZ8w,2025-06-22T03:48:42Z,,긍정
버츄얼 아이돌 소신발언,피지컬갤러리,최상위 댓글,@bigsky1004,꼰대시절에도 아담이라는 가상가수가 있었다 소통은못하지만 ㅋㅋ,0,2025-11-13T14:22:29Z,0,Ugy-Aiw-DOjU_GnBnCd4AaABAg,Yg_AOZjHt3M,UCattpE4HYszeWvwZJxuMwiA,2025-11-13T14:22:29Z,,중립
버츄얼 아이돌 소신발언,피지컬갤러리,최상위 댓글,@riri-fq8yc,미쿠보고 자란세대들인데 버츄어도 자연스러운거지,0,2025-10-24T03:28:12Z,0,UgzVhE7y7-Ot4AFcLDx4AaABAg,Yg_AOZjHt3M,UCZHgqG6n1Ncu6DRwzD1bkcg,2025-10-24T03:28:12Z,,중립
버츄얼 아이돌 소신발언,피지컬갤러리,최상위 댓글,@MyFriendBogus,인기가 척도다!,0,2024-12-11T13:58:29Z,0,UgxO2iquJfodAU0C83V4AaABAg,Yg_AOZjHt3M,UCKbGXadv-NfaaAEtdhwJv0A,2024-12-11T13:58:29Z,,중립
버츄얼 아이돌 소신발언,피지컬갤러리,최상위 댓글,@구리구리copper,"신동씨도 많이 욕먹었지 아이돌에 비해 통통하셨고 잘생긴 외모신데 간혹 신동에게 향했던 악플들이 많았음
그러나 예능 실력과 댄스 실력 등으로 슈주팬들이 신동을 좋아하게 되었음 
그래서 버츄얼 분야도 신동님이 포옹해주시는거 같음
그리고 버츄얼 아이돌 뿐만 아니라 특이한 아이돌도 나오고 청각장애인분들이 아이돌도 하는 세상이 들어씀",0,2025-11-03T14:58:02Z,0,UgxxIjEWPhInKnVAfKJ4AaABAg,Yg_AOZjHt3M,UC49uF-wR_U37NwGOonKcaDA,2025-11-03T14:58:02Z,,긍정
버츄얼 아이돌 소신발언,피지컬갤러리,최상위 댓글,@마성-d2z,인기가 곧 척도다=일본 akb시스템,0,2025-05-06T11:32:44Z,0,UgyFAM8pmmY4C6Q3E9t4AaABAg,Yg_AOZjHt3M,UCjwsX4DPq6V43m75dfQTD9g,2025-05-06T11:32:44Z,,중립
버츄얼 아이돌 소신발언,피지컬갤러리,최상위 댓글,@으악-m3p,버츄얼 싫어하는 사람들 아이돌들은 버츄얼 무대 보면서 뭔 생각할까 본인들은 열심히 연습해서 여기까지 왔을텐데 쟤네는 어쩌고 저쩌고 궁예질하던거 다 들통 ㅋㅋ,0,2025-04-25T00:17:37Z,0,UgzexFc5LtL1pu3X6NJ4AaABAg,Yg_AOZjHt3M,UCsoZcAsGqh0fKLbfryn-KfA,2025-04-25T00:17:37Z,,부정
버츄얼 아이돌 소신발언,피지컬갤러리,최상위 댓글,@김규보-h2x,슈주 팬이라면 알수밖에 없을 텐데 저래보여도 신동은 자기만의 기준이 있어서 좀 과하게 커졌다 싶으면 살짝 조절해서 돌아옴. 약하게는 6집과 7집 사이 혹은 8집 블랙수트 - 로시엔토 구간. 좀 더 크게는 5집의 미스터심플 - 아차 구간 9집의 슈퍼클랩 - 이야이야오 구간처럼...,0,2025-08-26T04:14:15Z,0,Ugx6qUawPgTaQ08vZON4AaABAg,Yg_AOZjHt3M,UC2wqdYT5CDaWxWRWmeLBA9Q,2025-08-26T04:14:15Z,,중립
버츄얼 아이돌 소신발언,피지컬갤러리,최상위 댓글,@토토포-r5v,"사람은 본질적으로 자신의 욕망에 충실하다. 그리고 이러한 욕망을 바탕으로 만들어진 것이 바로 버츄얼 아이돌이다. 현실의 연예인보다 많은 제약에서 자유롭고, 팬들에게는 결코 벗겨지지 않을 완벽한 이미지를 유지하며, 팬덤과 끊임없이 상호작용할 수 있다. 애초에 '아이돌'이라는 존재 자체가 현실과 상상의 경계에서 팬들에게 이상을 제공하는 역할 아닐까? 그렇다면, 버츄얼 아이돌은 현실 속 한계를 초월한 '아이돌의 궁극적인 진화'로도 볼 수 있다.

물론, 이 문화 자체를 비판하거나 고정관념으로 깎아내릴 수도 있다. 하지만 묻고 싶다. 그렇다면 당신은 누구보다 현실적이라서 유리한 관점을 가졌다고 자신할 수 있는가? 아니면, 단순히 새로운 것에 적응하지 못하고 과거의 기준을 고수하려는 걸까? 대중의 수요와 현실은 시대와 함께 변한다. 한발 앞서 그것을 이해하고 받아들이는 사람만이 앞으로 나아갈 수 있다.

결국 버츄얼 아이돌이란 기존의 틀에서 벗어난 새로운 도전이자, 사람들이 갈구하는 이상의 투영체다. 당신이 이 문화를 이해하지 못하면, 당신도 그저 과거를 붙잡는 별볼일 없는 몽상가에 불과하다. 비판은 누구나 할 수 있지만, 변화하는 시대를 읽고 축적된 욕망의 움직임을 제대로 캐치할 수 있는 사람만이 의미 있는 말을 할 수 있다. 정작 중요한 건 본능적으로 그것이 옳다고 느끼는가, 아니면 그냥 떠밀려가며 비판의 목소리에 초점을 맞추는가의 차이지 않을까?",4,2025-04-15T04:17:05Z,2,Ugz5yLUlIbDvLO9JOOd4AaABAg,Yg_AOZjHt3M,UCAnm7zExA_I7RVXbkbBzZXg,2025-04-15T04:17:05Z,,긍정
버츄얼 아이돌 소신발언,피지컬갤러리,대댓글,@피피-c4n,벗겨지지 않을 완벽한 이미지라.. 영원한건 절대 없어 굴굴굴굴굴,0,2025-04-15T09:14:09Z,0,Ugz5yLUlIbDvLO9JOOd4AaABAg.AGvXO1OeC-qAGw3NsfN__n,Yg_AOZjHt3M,UCp5UjPSNXi3rLzKTzQcCTMQ,2025-04-15T09:14:09Z,Ugz5yLUlIbDvLO9JOOd4AaABAg,긍정
버츄얼 아이돌 소신발언,피지컬갤러리,대댓글,@yomamte,"새로운 도전이자 투영체이고 그 시작점이라 불편하게 생각되는건 당연한거에요
만약 그들의 얼굴이 노출되고 역대급 못생긴 사람이 나오거나 혹여나 버츄얼 캐릭터와 다른 성별을 가진 못생긴 사람이 나오더라도 계속 진심으러 좋아해줄 사람이 몇이나될까요? 그런사람은 진짜 혼모노 급으로 극극소수 일텐데요..
대부분의 일반인들이 버튜버의 진짜 얼굴을 알아도 그냥 그런갑다 하고 넘길만큼 캐릭터를 내세워 인터넷 활동을 하는 행위가 자연스럽고 대중화가 되어야 진정 버츄얼 아이돌 이라고 할 수 있다고 생각함",0,2025-06-22T04:01:39Z,0,Ugz5yLUlIbDvLO9JOOd4AaABAg.AGvXO1OeC-qAJeafUpZYrH,Yg_AOZjHt3M,UC6WUmmLFTkIMl66QzsgiZ8w,2025-06-22T04:01:39Z,Ugz5yLUlIbDvLO9JOOd4AaABAg,긍정
버츄얼 아이돌 소신발언,피지컬갤러리,최상위 댓글,@니가그랬잖아-w7y,솔직히 나같은 버육수도 버튜버가 음지로 올라오는걸 싫어한다... 이미 음지가는 길목은 꽉 막혔는데 음지로에서 벗어나려고 유명세로 덩치키워도 그 길목에서 계속 마찰이 일어나고 자연스럽게 안티가 무지막지하게 늘어남 유명세의 하이패스는 아이돌밖에 못쓰거든,0,2025-05-30T14:27:32Z,0,UgxmReGmR4xNZal-Wr54AaABAg,Yg_AOZjHt3M,UCvq8bvRvQJKOxpwzeMxvVRw,2025-05-30T14:29:03Z,,부정
버츄얼 아이돌 소신발언,피지컬갤러리,최상위 댓글,@hhy0714,일단 이해를 하기는 힘든부분이긴함 실물을 보이지 않는건 뭐 개인사정이긴하지만 그냥 예상은 예쁘고 잘생겼겠지? 이생각이 대부분일거임 노래도 실물이 아닌지라 그게 튜닝인지 아닌지도 모르고..좋아하는 분들은 좋아하면되는데 적어도 이해를 확 할수없다는거,2,2025-06-18T05:28:50Z,2,UgxHXYgN7GM2oLK9Epd4AaABAg,Yg_AOZjHt3M,UCHQiBXUlHE2QqGkGM0FLInA,2025-06-18T05:28:50Z,,긍정
버츄얼 아이돌 소신발언,피지컬갤러리,대댓글,@쩜점-c6o,아무래도 오타쿠 쪽 문화 중에 '보컬로이드'라는 실제로 기계음만으로 만든 가수를 좋아하는 것도 있는 등 생각보다 이해하기 어려운 것들이 많았어서 원래부터 오타쿠였던 사람 입장에선 진입장벽이 낮긴 함. 근데 플레이브는 음방 1위하고 인싸들한테도 노출되니까 이런 마찰이 생기는 것 같음,0,2025-10-16T07:45:31Z,0,UgxHXYgN7GM2oLK9Epd4AaABAg.AJVSTbu97bBAOKgVeDiW49,Yg_AOZjHt3M,UC9DX0u4_YIkF2uO-bTfN1Cg,2025-10-16T07:45:31Z,UgxHXYgN7GM2oLK9Epd4AaABAg,긍정
버츄얼 아이돌 소신발언,피지컬갤러리,대댓글,@뚤기-158cm,이해를 바라지는 않습니다 그저 우리가 이걸 좋아하는 것을 존중해주시고 방해하지만 말아 달라는 거죠,0,2025-10-24T16:17:44Z,0,UgxHXYgN7GM2oLK9Epd4AaABAg.AJVSTbu97bBAOfCUIrqoM5,Yg_AOZjHt3M,UC5eqAn3SS7BMFu6lr8AHH8g,2025-10-24T16:17:44Z,UgxHXYgN7GM2oLK9Epd4AaABAg,긍정
버츄얼 아이돌 소신발언,피지컬갤러리,최상위 댓글,@azurewhale-i7,비트코인도 그게 무슨 돈이되냐고 했었지. 4차혁명시대에 기술에 가치관이 못따라가는건 어쩔순없지만 지나고보면 경솔한건 틀림없을것...기술이 바꿔가는 세상을 본인의 편협한 시선으로 바뀌는 세상을 함부로 재단해봐야 누워서 침뱉기일뿐.😂,1,2025-10-19T15:50:01Z,0,UgxcrayfkbK1qEyh7M94AaABAg,Yg_AOZjHt3M,UCq2DKXCwjzHrpz79amwkvYw,2025-10-19T15:50:01Z,,중립
버츄얼 아이돌 소신발언,피지컬갤러리,최상위 댓글,@리오-e9g,김신영님 이랑은 다르네 ㅋㅋㅋ,0,2025-05-13T01:48:10Z,0,UgzcxYSaXaJVL1Ngxn54AaABAg,Yg_AOZjHt3M,UCHA4CdlwNLbrKxpPAOxpfqg,2025-05-13T01:48:10Z,,중립
버츄얼 아이돌 소신발언,피지컬갤러리,최상위 댓글,@Mincho282,신동이 버미육 해주면 좋겠다... 춤 지릴듯,0,2025-09-20T03:55:33Z,0,UgwyHatn84mYQ7ELaOx4AaABAg,Yg_AOZjHt3M,UCD_9DozDePZmrSUoFRLpU5g,2025-09-20T03:55:33Z,,중립
버츄얼 아이돌 소신발언,피지컬갤러리,최상위 댓글,@미시세계,근데 버츄얼 팬들은 그 버츄얼 캐릭터를 좋아하는거임 아니면 아직 모르는 그 속에 있는 사람들을 좋아하는거임?,4,2025-03-24T10:14:57Z,7,UgyAbpQMtyLxCHehaiF4AaABAg,Yg_AOZjHt3M,UCfluVvt7bBKNjZCLKV5eKCQ,2025-03-24T10:14:57Z,,긍정
버츄얼 아이돌 소신발언,피지컬갤러리,대댓글,@스토푸리-클립,"둘 다 있어요
스토푸리의 경우는 얼굴없는 보컬그룹에서 코로나로 인해 버츄얼이 도입됐고 rp가 거의없어서 후자가 많이 우세합니다
홀로라이브는 전자가 근소하게 우세한 편입니다",1,2025-03-26T22:03:58Z,0,UgyAbpQMtyLxCHehaiF4AaABAg.AG2Wqwym_psAG8w_e_VZZM,Yg_AOZjHt3M,UC2xIwyM1W0WaZMPGuI6dGhA,2025-03-26T22:06:41Z,UgyAbpQMtyLxCHehaiF4AaABAg,중립
버츄얼 아이돌 소신발언,피지컬갤러리,대댓글,@스토푸리-클립,멤버가 졸업하거나 탈퇴한 후 새로 시작했을 때 팬들이 어느정도 따라가는지 보면 대략 팬덤 성향을 알 수 있습니다.,1,2025-03-26T22:09:15Z,0,UgyAbpQMtyLxCHehaiF4AaABAg.AG2Wqwym_psAG8xBGAo8zC,Yg_AOZjHt3M,UC2xIwyM1W0WaZMPGuI6dGhA,2025-03-26T22:09:15Z,UgyAbpQMtyLxCHehaiF4AaABAg,중립
버츄얼 아이돌 소신발언,피지컬갤러리,대댓글,@황제노래방복귀한사샤,@스토푸리-클립걍 닥치셈 ㅆ덕아,4,2025-03-27T08:06:42Z,0,UgyAbpQMtyLxCHehaiF4AaABAg.AG2Wqwym_psAGA0ZGLX4XP,Yg_AOZjHt3M,UCDmbmI6o97u0tC4bHeMk5YA,2025-03-27T08:06:42Z,UgyAbpQMtyLxCHehaiF4AaABAg,중립
버츄얼 아이돌 소신발언,피지컬갤러리,대댓글,@성탸김,전 걍 노래가 좋아서 입덕 했다가 버츄얼 모습이건 내면이건 상관없이 모습 자체가 좋아진 느낌임다,3,2025-03-28T21:23:17Z,0,UgyAbpQMtyLxCHehaiF4AaABAg.AG2Wqwym_psAGE0WQsRZBB,Yg_AOZjHt3M,UClhE8AyJj6c-j6bOL5CsWCQ,2025-03-28T21:23:17Z,UgyAbpQMtyLxCHehaiF4AaABAg,긍정
버츄얼 아이돌 소신발언,피지컬갤러리,대댓글,@어제거기서만나요,"걍 펭수 생각하면 됨. 펭수를 좋아하는 사람들이 그 안에 있는 연령미상의 남자를 생각하며 좋아하는 게 아닌 것처럼, 그냥 그 캐릭터 전체로 좋아하는 거지. 펭수 좋아한다고 굳이 그 안을 들춰서 펭수 안의 사람을 궁금해하는 사람은 없잖음?",6,2025-04-08T16:43:06Z,0,UgyAbpQMtyLxCHehaiF4AaABAg.AG2Wqwym_psAGeqBt5fbLG,Yg_AOZjHt3M,UChLJ1ML_gNHiUlL9yJg7WHg,2025-04-08T16:43:06Z,UgyAbpQMtyLxCHehaiF4AaABAg,긍정
버츄얼 아이돌 소신발언,피지컬갤러리,최상위 댓글,@왕꿈틀이-m7n,"그게 아이돌이냐 하는건 근본적으로 일반적인 아이돌보다는 관리를 덜해도 가능하다는데 있는거죠.
물론 플레이브쯤 되면 진짜 트래킹 빡세게 하니 몸매관리, 춤연습 해야한다고 하지만 그래도 현직 아이돌만큼은 아니니까요.

근데 그렇게 말하는 사람들에겐 정말 미안하지만 애초에 아이돌은 가수의 한 카테고리죠. 기본적으로 노래가 제일 우선이고 그 다음이 퍼포먼스등 외부적으로 보이는거죠.

버츄얼이어도 노래실력이야 보여줄 수 있으니 충분히 아이돌이라 할 수는 있다 봅니다.
다만 아이돌은 가수 + 유사연애 산업인건데, 그런 유사연애 감정을 일으키기 위한 겉으로 보이는 부분이 좀 불리할 수 밖에 없는 것일 뿐이라 봅니다.",0,2025-09-09T16:48:30Z,0,UgwYAwhCRG8zts0k6rt4AaABAg,Yg_AOZjHt3M,UCGEokrDNSGBm1_15vVba1Sw,2025-09-09T16:48:30Z,,중립
버츄얼 아이돌 소신발언,피지컬갤러리,최상위 댓글,@eivicd,근데 솔찍히 뭐 외모고 10덕이고 뭐고 노래 잘부르잖아 ㄹㅇ가수보다 잘부르는 사람들 많은듯,18,2025-03-04T17:45:30Z,0,UgykejrdUxTjeSJj_IN4AaABAg,Yg_AOZjHt3M,UC-WzjNfCY2XkTYlSicCC-kw,2025-03-04T17:45:30Z,,중립
버츄얼 아이돌 소신발언,피지컬갤러리,최상위 댓글,@dollmasterhong,신 카 콜 라,1,2026-01-13T04:26:21Z,0,Ugy3aFoFkWSabWEGayt4AaABAg,Yg_AOZjHt3M,UCqS9cURxckRI6oYIJBSyNaw,2026-01-13T04:26:21Z,,중립
버츄얼 아이돌 소신발언,피지컬갤러리,최상위 댓글,@정국아형이야,"이해를 못하는건 아님
근데 시상식 같은거나 그런건 아이돌이랑 따로 했으면 좋겠음",7,2025-06-11T16:11:57Z,1,UgwH04FS-2yOSbc5fxB4AaABAg,Yg_AOZjHt3M,UCM4QswKsqcirjmoDNeSuXjg,2025-06-11T16:11:57Z,,중립
버츄얼 아이돌 소신발언,피지컬갤러리,대댓글,@오모이다스,많지가 않아서 지금은 어쩔수 없는게있긴하죠. 시상식에 올랐던 아이돌은 플레이브 밖에없거든여 이세돌은 애초에 아이돌이 아니고,1,2025-07-07T17:01:04Z,0,UgwH04FS-2yOSbc5fxB4AaABAg.AJE_VmS_ZlEAKHbn4C1VpZ,Yg_AOZjHt3M,UCzzub21VdNvGIWlRO68Xq5Q,2025-07-07T17:01:04Z,UgwH04FS-2yOSbc5fxB4AaABAg,중립
버츄얼 아이돌 소신발언,피지컬갤러리,최상위 댓글,@냥그-c2y,인정하고 말고 할꺼없음. 자본주의 시대에 돈이 된다면 그게 곧 인정이지ㅋㅋ 아이돌음악이 그러하고 힙합도 쇼미나 뷰티풀너드가 그러하듯 이런 유튜브도 왜 하는데? 수많은 연예인들이 너도나도 유튜브채널만들고 뛰어듬 영화도 마찬가지로 ott시장이 더 커지니 거기서 작품만드는거고 아이돌에 관심없는 사람이 볼때는 에스파같은 아이돌을 좋아하건 플레이브를 좋아하건 그냥 똑같이 보인다는거임. 축구에 관심없으면 epl을 보건 챔스를 보건 똑같듯이 종교도 마찬가지잖아? 기독교던 천주교던 사이비던 그게 그거로 보임,0,2025-09-12T18:59:06Z,0,UgwBtzvFjAzBr2ydx2J4AaABAg,Yg_AOZjHt3M,UCz2QdjOv467KTomV7am4t8g,2025-09-12T18:59:06Z,,긍정
버츄얼 아이돌 소신발언,피지컬갤러리,최상위 댓글,@factman491,현실에서도 노래 내고 아이돌 데뷔 했습니다 하면 아이돌이지 뭐 별건가 ㅋㅋ국가공인 자격증 있는 거도 아니고,6,2025-02-28T22:02:28Z,0,UgyD0pMq4gHJvSPUd4p4AaABAg,Yg_AOZjHt3M,UCc0jS2ZcVrBG5Ev43iWK7jg,2025-02-28T22:02:28Z,,중립
버츄얼 아이돌 소신발언,피지컬갤러리,최상위 댓글,@X빨럼,근데 자기가 싫으면 안보면 되는거 아님? 젤쉬운걸 못하네,17,2024-12-11T09:02:07Z,1,UgzZryNX1e_ah4OIkGx4AaABAg,Yg_AOZjHt3M,UCJiTZkiUSIzby5SzEm_IVMw,2024-12-11T09:02:07Z,,중립
버츄얼 아이돌 소신발언,피지컬갤러리,대댓글,@user-rf6sx1ko9h,관심없는데 자꾸 영입함,2,2024-12-11T09:47:17Z,0,UgzZryNX1e_ah4OIkGx4AaABAg.ABuAdL_FakfABuFoBEHivp,Yg_AOZjHt3M,UCyRS3qbOaHFJWdd2rerEQzg,2024-12-11T09:47:17Z,UgzZryNX1e_ah4OIkGx4AaABAg,중립
버츄얼 아이돌 소신발언,피지컬갤러리,최상위 댓글,@JWinter93,버츄얼 아이돌을 가짜라고 부정할거면 애니메이션 장르는 있으면 안됨,4,2025-12-17T07:16:38Z,0,UgxP_O-HIWtRREyO-0x4AaABAg,Yg_AOZjHt3M,UCUtN-7X2EdwA1cHTrRQhbkQ,2025-12-17T07:16:38Z,,중립
버츄얼 아이돌 소신발언,피지컬갤러리,최상위 댓글,@레세우스,"신동을 처음봤을때 = 백댄서인가?
쟤가 아이돌이야? 싸이과인가
쟤는 어떻게 아이돌이 되었지?
신동이 남자아이돌의 스펙을 현저히 낮춘 멤버
SM은 얼굴등 외모는 안보는구나",2,2025-03-07T10:43:10Z,2,UgwutTcemsVZIq2E7tR4AaABAg,Yg_AOZjHt3M,UC4MUcwuUYl9OMXdcrsOvhNQ,2025-03-07T10:43:10Z,,중립
버츄얼 아이돌 소신발언,피지컬갤러리,대댓글,@hello1sd1,"지금 그게 문제가 아니지 않나?
그리고 신동은 예외고 원래는 SM은 외모 봄
근데 난 신동 얼굴 나쁘지 않다고 생각하는데
아이돌이라서 욕먹은거지",0,2025-03-07T12:12:40Z,0,UgwutTcemsVZIq2E7tR4AaABAg.AFMnZf6-SxFAFMxoInzcDF,Yg_AOZjHt3M,UCKxjtMOQ3qpuTg4oGpCc_cQ,2025-03-07T12:12:40Z,UgwutTcemsVZIq2E7tR4AaABAg,부정
버츄얼 아이돌 소신발언,피지컬갤러리,대댓글,@hello1sd1,"그리고 신동이 스펙을 낮췄다해도 신동같은 아이돌은 없음 그래서 신동이 스펙을 낮춘게 아니라 
아이돌계에 한 획을 그은거지",1,2025-03-07T12:19:13Z,0,UgwutTcemsVZIq2E7tR4AaABAg.AFMnZf6-SxFAFMyZE791Pu,Yg_AOZjHt3M,UCKxjtMOQ3qpuTg4oGpCc_cQ,2025-03-07T12:19:13Z,UgwutTcemsVZIq2E7tR4AaABAg,중립
버츄얼 아이돌 소신발언,피지컬갤러리,최상위 댓글,@Pyopolee,버츄얼아이돌 까는 애들특 : 알고리즘이 추천해준 플레이브 노래 버츄얼아이돌노랜지도 모르고 좋다고 들음 ㅋㅋ,6,2025-04-28T14:59:45Z,0,UgzdjaTm41fRKCzOOEN4AaABAg,Yg_AOZjHt3M,UC9p-j4hR3XoXnee1heTkCuQ,2025-04-28T14:59:45Z,,중립
버츄얼 아이돌 소신발언,피지컬갤러리,최상위 댓글,@IIllIIllllII,"버츄얼 아이돌은 시대가 변화하면서 문화도 새로 생기는거니까 이해가 되는데 
최근에 버츄얼아이돌 선후배 논쟁 생겼을때는 이해가 안됐음. 
인방 유명인과 공인 유명인이 어떻게 선후배 관계로 묶일수 있는건지 이해가 안되더라..",5,2024-12-11T10:13:02Z,0,Ugxs12d2SV74Dq58gjR4AaABAg,Yg_AOZjHt3M,UCNYANijv3vRrgdZIf5eHxdw,2024-12-11T10:13:02Z,,중립
버츄얼 아이돌 소신발언,피지컬갤러리,최상위 댓글,@Alksjs-t5e,"이세돌, 플레이브 봐보셈
수요가 있고 인기가 웬만한 중소는 다 이기니까
시장이 커지는거지",6,2025-10-03T02:33:30Z,0,UgxZWQRdpKhd-KPfWmh4AaABAg,Yg_AOZjHt3M,UCNY6SnHyt0ny_6K-iIvYGSg,2025-10-03T02:33:30Z,,중립
버츄얼 아이돌 소신발언,피지컬갤러리,최상위 댓글,@팜_비,"20년차 현직 아이돌이 인정한다는데, 까대는 사람들은 입 다물고 악플 좀 그만 달았으면",5,2025-09-03T09:07:02Z,0,UgyGQ-eDm-tejzmnvmx4AaABAg,Yg_AOZjHt3M,UCBTZW31T-s1gHVyiLEv_NDA,2025-09-03T09:07:02Z,,중립
버츄얼 아이돌 소신발언,피지컬갤러리,최상위 댓글,@JG-Im,참고로 김계란도 버츄얼 아이돌 그룹을 하나 운영 중 임,1,2024-12-11T23:36:09Z,3,UgxCnljoN907Fj3H6oZ4AaABAg,Yg_AOZjHt3M,UCX4Uqr7ho9wQPxXei5VLFxQ,2024-12-11T23:36:09Z,,중립
버츄얼 아이돌 소신발언,피지컬갤러리,대댓글,@이카리드림트리,QWER말하는거면 버츄얼아님,0,2024-12-12T05:32:38Z,0,UgxCnljoN907Fj3H6oZ4AaABAg.ABvjeucydTCABwNSwICroa,Yg_AOZjHt3M,UCBfo15R0jUG2r5-mdQn_Jbg,2024-12-12T05:32:38Z,UgxCnljoN907Fj3H6oZ4AaABAg,중립
버츄얼 아이돌 소신발언,피지컬갤러리,대댓글,@JG-Im,@이카리드림트리  스타데이즈 모르시는구나? QWER보다 먼저 만들어진 그룹인데,0,2024-12-12T05:37:08Z,0,UgxCnljoN907Fj3H6oZ4AaABAg.ABvjeucydTCABwNysSH8yS,Yg_AOZjHt3M,UCX4Uqr7ho9wQPxXei5VLFxQ,2024-12-12T05:37:08Z,UgxCnljoN907Fj3H6oZ4AaABAg,중립
버츄얼 아이돌 소신발언,피지컬갤러리,대댓글,@이카리드림트리,@JG-Im  김계란이랑 같은 회사지 밀어주는건 아닌걸로 암,0,2024-12-12T06:07:05Z,0,UgxCnljoN907Fj3H6oZ4AaABAg.ABvjeucydTCABwRPCsIKXJ,Yg_AOZjHt3M,UCBfo15R0jUG2r5-mdQn_Jbg,2024-12-12T06:07:05Z,UgxCnljoN907Fj3H6oZ4AaABAg,중립
버츄얼 아이돌 소신발언,피지컬갤러리,최상위 댓글,@kilikiki8976,딴따라가 인기 많으면 장땡이지 먼 의미를 갔다 붙이노,0,2025-04-20T02:17:40Z,0,UgzQg4-zxfOAmTlh3FJ4AaABAg,Yg_AOZjHt3M,UC1d2l89AbCB30V_gmtxj-4g,2025-04-20T02:17:40Z,,중립
버츄얼 아이돌 소신발언,피지컬갤러리,최상위 댓글,@띵띵-q5y,난 그래도 뚝심있게 한결같이 싫어하겠소.,3,2025-04-14T01:15:58Z,0,UgzClLJfwstZ80nosFR4AaABAg,Yg_AOZjHt3M,UCigtTeMTgqWTgMXmKk_G7iw,2025-04-14T01:15:58Z,,부정
버츄얼 아이돌 소신발언,피지컬갤러리,최상위 댓글,@악플러컨셉-v6d,"자자 정리해봅시다. 에스파 카리나,윈터 vs 플레이브
뭘 선택하실 거죠?인기투표 해보자고요",4,2025-06-11T12:52:03Z,8,UgwEH-SeXMoVL9AIdOB4AaABAg,Yg_AOZjHt3M,UCneEhUz3mLQBdjbdJDUgtfQ,2025-06-11T12:52:03Z,,중립
버츄얼 아이돌 소신발언,피지컬갤러리,대댓글,@악플러컨셉-v6d,저는 닥전이요,4,2025-06-11T12:52:19Z,0,UgwEH-SeXMoVL9AIdOB4AaABAg.AJEDciiSWnvAJEDefsBJ6n,Yg_AOZjHt3M,UCneEhUz3mLQBdjbdJDUgtfQ,2025-06-11T12:52:19Z,UgwEH-SeXMoVL9AIdOB4AaABAg,중립
버츄얼 아이돌 소신발언,피지컬갤러리,대댓글,@ize1019,저는 후자요,4,2025-06-12T22:55:24Z,0,UgwEH-SeXMoVL9AIdOB4AaABAg.AJEDciiSWnvAJHsTb53fTS,Yg_AOZjHt3M,UCZa93WGRVOuJbKQpA8AsBuQ,2025-06-12T22:55:24Z,UgwEH-SeXMoVL9AIdOB4AaABAg,중립
버츄얼 아이돌 소신발언,피지컬갤러리,대댓글,@user-xsdjahfkfsjajwjdjss,@ize1019 오답입니다,5,2025-06-19T16:52:50Z,0,UgwEH-SeXMoVL9AIdOB4AaABAg.AJEDciiSWnvAJZFYEwLhZf,Yg_AOZjHt3M,UCI7_dXIBfoADAWNeVKRFNPA,2025-06-19T16:52:50Z,UgwEH-SeXMoVL9AIdOB4AaABAg,중립
버츄얼 아이돌 소신발언,피지컬갤러리,대댓글,@정은이애비,​@user-xsdjahfkfsjajwjdjss ㅅ벌 퀴즈였냐 ㅋㅋㅋㅋ,4,2025-06-30T16:59:15Z,0,UgwEH-SeXMoVL9AIdOB4AaABAg.AJEDciiSWnvAK-a0pE6SPr,Yg_AOZjHt3M,UCIodRuxq-RhUngthSPOSIIA,2025-06-30T16:59:15Z,UgwEH-SeXMoVL9AIdOB4AaABAg,중립
버츄얼 아이돌 소신발언,피지컬갤러리,대댓글,@악플러컨셉-v6d,@정은이애비 ㅋㅋㅋㅋㅋㅋㅋㅋㅋㅋ,2,2025-07-07T09:08:33Z,0,UgwEH-SeXMoVL9AIdOB4AaABAg.AJEDciiSWnvAKGliSZveia,Yg_AOZjHt3M,UCneEhUz3mLQBdjbdJDUgtfQ,2025-07-07T09:08:33Z,UgwEH-SeXMoVL9AIdOB4AaABAg,중립
버츄얼 아이돌 소신발언,피지컬갤러리,최상위 댓글,@superjolly-vpro,아이돌은 상품인데 철저히 고객님들의 취향에 따르는 게 맞는거지,1,2025-02-13T00:40:23Z,0,Ugwf5yW9rQQlrnwme4x4AaABAg,Yg_AOZjHt3M,UC61EoesR_f1kv4h9LFMZ5Qg,2025-02-13T00:40:23Z,,중립
버츄얼 아이돌 소신발언,피지컬갤러리,최상위 댓글,@시로짱할짝,"근데 솔직히 아이돌이라는 말을 달고 나와서 이상한거지. 아이돌이 얼굴 이쁜애들이 노래좀 부르면서 열심히 춤추고 광대짓 하는건데, 버츄얼 아이돌은 버츄얼이니깐 얼굴은 넘어간다 쳐도, 노래도 녹음이고 춤도 mmd니깐 이건 그냥 아이돌의 탈을쓴 방송인이 노래좀 불렀다 아님?",5,2024-12-11T10:04:21Z,2,UgwUuMC2rNORdcsZdnh4AaABAg,Yg_AOZjHt3M,UCWumDs--5pVgYuXS8_W_A7w,2024-12-11T10:04:21Z,,중립
버츄얼 아이돌 소신발언,피지컬갤러리,대댓글,@user-kz2br6ew5u,다른곳은 모르겠는데 홀로라이브는 센서 부착하고 실제로 추긴함,2,2024-12-12T08:00:18Z,0,UgwUuMC2rNORdcsZdnh4AaABAg.ABuHlD3KfjnABwdMTB_0AA,Yg_AOZjHt3M,UCgTLP0Vs9ojoFkAcgiX2NCg,2024-12-12T08:00:18Z,UgwUuMC2rNORdcsZdnh4AaABAg,중립
버츄얼 아이돌 소신발언,피지컬갤러리,대댓글,@hsb9904,춤도 다른사람이 추고 녹음도 미리해놓고 그런경우도 있고 다 본인이 직접 생 라이브를 하는 경우도 있음. 기술력과 자본 차이긴함. mmd는 잘 안쓰는 추세임,4,2024-12-12T08:11:57Z,0,UgwUuMC2rNORdcsZdnh4AaABAg.ABuHlD3KfjnABwegqOX88r,Yg_AOZjHt3M,UCBKfTNOBMVrPIrJm7n2TQ-Q,2024-12-12T08:11:57Z,UgwUuMC2rNORdcsZdnh4AaABAg,중립
버츄얼 아이돌 소신발언,피지컬갤러리,최상위 댓글,@soundkit,"난 종합게임 유튜버의 팬이었는데
어느새 정신차리니 버츄얼 아이돌의 팬이 되어 있더라
메타버스를 활용하는 인간이 있을 줄 몰랐지말이야
그 형 참 게임은 못하는데 재능이 있단말이지",2,2024-12-11T19:04:16Z,2,UgzXh_ohxOoghxveeL14AaABAg,Yg_AOZjHt3M,UCcP8VmJsf45FbmFNEabCRKg,2024-12-11T19:04:16Z,,중립
버츄얼 아이돌 소신발언,피지컬갤러리,대댓글,@짱수민,메타버스를 활용? 메타버스 그거 말장난인거 모르나보네,0,2024-12-12T18:00:23Z,0,UgzXh_ohxOoghxveeL14AaABAg.ABvFYe1eADbABxi1_jdzlu,Yg_AOZjHt3M,UC5u2qsWq_PtuDjUPpkVJdnA,2024-12-12T18:00:23Z,UgzXh_ohxOoghxveeL14AaABAg,중립
버츄얼 아이돌 소신발언,피지컬갤러리,대댓글,@공부용계정-w3i,​@짱수민우왁굳 방송은 대기업에서 제페토 깔짝거리는거하곤 차원이 다르긴 함 궁금하면 왁체대 검색해서 보셈,0,2025-02-10T10:32:24Z,0,UgzXh_ohxOoghxveeL14AaABAg.ABvFYe1eADbAEMPSxmQoj3,Yg_AOZjHt3M,UCa4ZZ6h7mJL9s63qYMavn6Q,2025-02-10T10:32:24Z,UgzXh_ohxOoghxveeL14AaABAg,긍정
버츄얼 아이돌 소신발언,피지컬갤러리,최상위 댓글,@scenery6902,"얼굴을 가리고 활동한다는 거 자체를 이해 못하는 사람들은 요즘 얼굴 까고 활동하는 게 생각보다 위험하다는 걸 알았으면 좋겠다. 스토킹 피해 사례도 꽤 있고...아무리 예쁘고 잘생겨도 외모 관련 악플을 하루에 수십 번 이상 봐야할 수도 있고 심할 정도로 합성 당하고
그런 위험을 피해가는 선택을 하는 건 이상한 일이 아니죠.",2,2025-07-07T01:02:58Z,0,UgwsgPpVn5LtQ-HzM7B4AaABAg,Yg_AOZjHt3M,UClKoQRPiMZ9T0qV-vPn3BgQ,2025-07-07T01:02:58Z,,중립
버츄얼 아이돌 소신발언,피지컬갤러리,최상위 댓글,@purple_babe0613,"정석에 갇혀버리면 새로운 걸 못함. 정석적인 아이돌도 당연히 있어야 하고, 그걸 깨는 아이돌도 있어야 이 산업이 성장하고 새로운 게 계속 나올 수 있음. 개인적으로 버추얼 산업이 더 커져야 한다고 생각함. 버추얼에 가장 강세를 보이고 인기도 많은 나라는 일본인데, 버추얼 퀄리티 자체는 우리나라가 훨씬 좋은 경우도 있어서 잘 키워서 일본 파이를 가져오고 주도권을 잡을 정도로 성장하면 그것 또한 국가적 경쟁력이라고 생각함.",2,2025-04-28T14:07:58Z,0,Ugzq_9SrBzF5SmiJRCZ4AaABAg,Yg_AOZjHt3M,UCedfSv5Noxjcxd9QoRQL6YQ,2025-04-28T14:07:58Z,,중립
버츄얼 아이돌 소신발언,피지컬갤러리,최상위 댓글,@tempo-kq6ow,아이돌의 핵심은 춤 노래등에 더 초점을 맞추면 그 방향성도 좋다고 생각하고 무작정 싫어하면 안된다고 생각하는데 버튜버 팬들중 대다수가 건전하고 정말 노래와 춤 성격등에 초첨을 맞추고 있다고 보이진 않음. 그 문화 자체가 건강하진 않은 느낌? 다수의 2차 창작물들이 그걸 증명하고 있고,3,2025-04-16T18:30:20Z,3,UgyoWIoZ8iaHWqyF9Sl4AaABAg,Yg_AOZjHt3M,UCrFOxGlQwrZ2UV6Hc67Jrew,2025-04-16T18:30:20Z,,부정
버츄얼 아이돌 소신발언,피지컬갤러리,대댓글,@a-_-3,"사실 아이돌 문화 자체가 애초에 그쪽으로 그렇게 건강한 문화는 아니긴 함,,
찾아보지 않아서 버츄얼쪽이 더 심한지 다른 아이돌들이 더 심한지는 잘 모르지만,,",1,2025-05-01T22:52:38Z,0,UgyoWIoZ8iaHWqyF9Sl4AaABAg.AGzcpM0pfJlAHailYbP1j6,Yg_AOZjHt3M,UCwmMn0s6UC_eRJtgrxjHATg,2025-05-01T22:52:38Z,UgyoWIoZ8iaHWqyF9Sl4AaABAg,중립
버츄얼 아이돌 소신발언,피지컬갤러리,대댓글,@leahleah18,"알페스 나페스 2차창작이 옛날 지오디 신화이쯤부터 본격적으로 자라난 서브컬쳐인데, ..,",1,2025-08-26T12:30:01Z,0,UgyoWIoZ8iaHWqyF9Sl4AaABAg.AGzcpM0pfJlAMHsWmpDN9K,Yg_AOZjHt3M,UCyk794I_Q2aNIpplv6cXyTw,2025-08-26T12:30:01Z,UgyoWIoZ8iaHWqyF9Sl4AaABAg,중립
버츄얼 아이돌 소신발언,피지컬갤러리,대댓글,@쩜점-c6o,"2차창작으로 들어가면 그냥 아이돌도 똑같음... 아이돌 문화 자체가 유사연애 팔아먹는 거라 음지로 들어가면 개음습함 근데 버츄얼은 캐릭터인 만큼 2차창작이 그림으로 돌아다니고 기존 아이돌은 그게 합성이미지(짜쳐서 요즘은 줄었을듯), 텍스트로 돌아다녀서 님 눈에 덜 띌 뿐임",0,2025-10-16T07:55:20Z,0,UgyoWIoZ8iaHWqyF9Sl4AaABAg.AGzcpM0pfJlAOKhcXzE2QI,Yg_AOZjHt3M,UC9DX0u4_YIkF2uO-bTfN1Cg,2025-10-16T07:55:20Z,UgyoWIoZ8iaHWqyF9Sl4AaABAg,중립
버츄얼 아이돌 소신발언,피지컬갤러리,최상위 댓글,@이영차-z6o,"근데 버츄얼 아이돌이라고 불릴 애들은 스트리머로 활동하다 어쩌다 한번 곡 한두개 내는 애들 말고 플레이브 같이 진짜 가수 처럼 본업으로 활동하는 애들인거 같음
요즘은 그냥 노래 한번 내면 나 아이돌이다 하면서 하는데 그건 그냥 rp가 아이돌인거고..",3,2025-09-02T06:53:16Z,3,Ugx9v8Js8MrjqNVNowR4AaABAg,Yg_AOZjHt3M,UCXjad8KuUmD5_dY9Gvc77CA,2025-09-02T06:53:16Z,,중립
버츄얼 아이돌 소신발언,피지컬갤러리,대댓글,@주대장-j7p,"맞긴함.
스트리머들끼리 아이돌만들어서 하는건
아이돌 컨셉의 스트리머임.",3,2025-09-05T15:43:50Z,0,Ugx9v8Js8MrjqNVNowR4AaABAg.AMZIYTNpcxTAMgye6WPxId,Yg_AOZjHt3M,UCbrRMu5_JUA3HZ-yOQGPDrQ,2025-09-05T15:43:50Z,Ugx9v8Js8MrjqNVNowR4AaABAg,중립
버츄얼 아이돌 소신발언,피지컬갤러리,대댓글,@aginkim2609,애초에 본인들이 컨셉이라고했음. 실제 아이돌이 아니라고도 했고,2,2025-09-26T07:40:53Z,0,Ugx9v8Js8MrjqNVNowR4AaABAg.AMZIYTNpcxTANXB4IQRjh0,Yg_AOZjHt3M,UCbdB2W1_Ekr56EZxXLiHH4A,2025-09-26T07:41:37Z,Ugx9v8Js8MrjqNVNowR4AaABAg,중립
버츄얼 아이돌 소신발언,피지컬갤러리,대댓글,@뚤기-158cm,블레이브를 제외하고는 본질은 스트리머니까요,0,2025-10-24T16:16:11Z,0,Ugx9v8Js8MrjqNVNowR4AaABAg.AMZIYTNpcxTAOfCIsy2s__,Yg_AOZjHt3M,UC5eqAn3SS7BMFu6lr8AHH8g,2025-10-24T16:16:11Z,Ugx9v8Js8MrjqNVNowR4AaABAg,중립
버츄얼 아이돌 소신발언,피지컬갤러리,최상위 댓글,@모찌롱b,캐릭터 뒤에서 어떤 사람이 있을지 두려운게 사실이야 ㅋㅋㅋㅋ,1,2025-11-05T16:35:15Z,0,UgwO6kHo9Kz-D9NRGNF4AaABAg,Yg_AOZjHt3M,UCWbQR89_kooLeepc_CTycpQ,2025-11-05T16:35:15Z,,중립
버츄얼 아이돌 소신발언,피지컬갤러리,최상위 댓글,@user-leetaewook,과연 어디까지 ㅋㅋ인정해야할지 시대가 변함에 따라 계속 달라지겟지,0,2025-11-07T12:46:32Z,0,Ugz77oxLF0Wx_XyWzZ14AaABAg,Yg_AOZjHt3M,UCJbXift0sidDCCbxkcSjMcg,2025-11-07T12:46:32Z,,중립
버츄얼 아이돌 소신발언,피지컬갤러리,최상위 댓글,@딱히뭐라고지어야할지,"원래 다 성인군자들이다 
본인 밥그릇 위협 받기 전까진",1,2025-07-26T04:59:07Z,0,Ugy0Bvu8YYURrpEvFcB4AaABAg,Yg_AOZjHt3M,UC3GBy5BbbJjDaoHLVeAK-lw,2025-07-26T04:59:07Z,,중립
버츄얼 아이돌 소신발언,피지컬갤러리,최상위 댓글,@CupSticks,버추얼이면 버추얼 세계에 있어야 되는데 자꾸 현실에 나와서 현실 아이돌이랑 같은 대접을 받고싶어함,6,2025-02-27T14:17:54Z,2,UgzVINuHvOBfJY8cqOd4AaABAg,Yg_AOZjHt3M,UC-mafeA2hylb5dipJszVkpw,2025-02-27T14:17:54Z,,중립
버츄얼 아이돌 소신발언,피지컬갤러리,대댓글,@setup-cocona,꼰대,12,2025-02-27T15:48:54Z,0,UgzVINuHvOBfJY8cqOd4AaABAg.AF2_mT3LCNAAF2kBxGhuak,Yg_AOZjHt3M,UC2FpUbU3nR3ez9g71SsqieQ,2025-02-27T15:48:54Z,UgzVINuHvOBfJY8cqOd4AaABAg,중립
버츄얼 아이돌 소신발언,피지컬갤러리,대댓글,@Error.nickname,"막 콘서트?음방?다 상관없고
걔네팬들이 댓글을 좀 생각하고 적었으면 좋겠음",1,2025-03-08T13:41:58Z,0,UgzVINuHvOBfJY8cqOd4AaABAg.AF2_mT3LCNAAFPgpCTs1tC,Yg_AOZjHt3M,UCNLkD96WXb8rmshFyxbfGdg,2025-03-08T13:41:58Z,UgzVINuHvOBfJY8cqOd4AaABAg,중립
버츄얼 아이돌 소신발언,피지컬갤러리,최상위 댓글,@황씨-g7h,이세돌 징버거 화이팅!!,2,2024-12-17T10:32:25Z,0,UgyQMVCf09KMHmUxk1p4AaABAg,Yg_AOZjHt3M,UC8bsTuem3ZNiYQ2K7iaYeAw,2024-12-17T10:32:40Z,,중립
버츄얼 아이돌 소신발언,피지컬갤러리,최상위 댓글,@팬다-q9s,버츄얼이든 리얼이든 알바노인데 버츄얼 좋아하는 애들이 패악질 부리는건 꼴보기 싫음,4,2025-05-24T04:36:34Z,0,Ugz1MCePWVjI5Qp9qGd4AaABAg,Yg_AOZjHt3M,UCmQ6Tot3zzvWALXH3MYTKog,2025-05-24T04:36:34Z,,긍정
버츄얼 아이돌 소신발언,피지컬갤러리,최상위 댓글,@장군-j8r,"이게 정말 잘못된게 아이돌은 자기관리""까지"" 겨우해서 올라갔음 근데.. 춤잘추는거 인정함 까놓고 신동보다 잘추는사람 잘모르겠음 근데 프로그램이 춤추는 선까지 구현하기도 힘들고 몸관리 안하고.. 현직 아이돌 지망생 분들한태 못할짓임 저거",3,2025-06-04T21:09:22Z,2,UgzBUvYd1eV7IoFdC0B4AaABAg,Yg_AOZjHt3M,UCLHL0IUzAj1PchYnLzkOppQ,2025-06-04T21:09:22Z,,중립
버츄얼 아이돌 소신발언,피지컬갤러리,대댓글,@BbAnG149,개인적으로는 그냥 아이돌급 대우도 필요 없으니 '저딴게 무슨 인기를 얻고 노래를 내고 뭐 세상 많~이 좋아졌다느니 관리도 안하는데 앉아서 돈 받아쳐먹는다느니' 이런 얘기만 좀 안했으면.. 애초에 건강하게 버추얼 좋아하는 사람들은 그 캐릭터도 아니고 그냥 그 사람이 재미있고 매력 있게 다가와서 그런건데 참... 차별만 안 받았으면 좋겠네요.,2,2025-06-23T01:32:34Z,0,UgzBUvYd1eV7IoFdC0B4AaABAg.AIy4z0nzYU4AJguPQbCmaI,Yg_AOZjHt3M,UCMjUrtd1wKS1MTowIUj_f6Q,2025-06-23T01:32:34Z,UgzBUvYd1eV7IoFdC0B4AaABAg,긍정
버츄얼 아이돌 소신발언,피지컬갤러리,대댓글,@김민석-y1w5c,웃기는게 뭔지아냐? 조선시대엔 천민이었고 지금도 딴따라임 결국. 최근에 유방암 술빨기 파티 열어서 술이나 쳐 마셔댔고 무식한게 대중적으로 알려진 상식이잖아. 깔거 많아. 진짜 ㅈㄴ 많아. 가서 니가 그렇게 좋아하는 애들한테 돈 써가면서 빠세요,0,2025-10-20T00:23:52Z,0,UgzBUvYd1eV7IoFdC0B4AaABAg.AIy4z0nzYU4AOUC8Pmh2JS,Yg_AOZjHt3M,UCANtmZ_A-tJVk0jXCfoiBwQ,2025-10-20T00:23:52Z,UgzBUvYd1eV7IoFdC0B4AaABAg,긍정
버츄얼 아이돌 소신발언,피지컬갤러리,최상위 댓글,@nali3887,아이돌을 할 자격이 있으면 버츄얼을 했겠니 데뷔했지,3,2025-02-27T08:59:04Z,1,UgxLL79-EZatXWgrmA14AaABAg,Yg_AOZjHt3M,UCfYqhN1dOgIzo7JNQmNNkcQ,2025-02-27T08:59:04Z,,중립
버츄얼 아이돌 소신발언,피지컬갤러리,대댓글,@Be_soft-말랑말랑,데뷔가 쉬운게 아닙니다,0,2026-01-24T05:23:05Z,0,UgxLL79-EZatXWgrmA14AaABAg.AF20IHril0FASLvgyf_6GD,Yg_AOZjHt3M,UCd-MwK-Jh1GHQ98tCRA3TVQ,2026-01-24T05:23:05Z,UgxLL79-EZatXWgrmA14AaABAg,중립
버츄얼 아이돌 소신발언,피지컬갤러리,최상위 댓글,@우나핫굴얼굴보러갈래,ㅋㅋㅋㅋㅋㅋㅋㅋ 굴,5,2025-04-13T00:08:36Z,0,UgwsOzD2vu9vmOZYnZV4AaABAg,Yg_AOZjHt3M,UCzLgNIB4nYMLDsomMy7FkNw,2025-04-13T00:08:36Z,,중립
버츄얼 아이돌 소신발언,피지컬갤러리,최상위 댓글,@user-ol1zz1tc2b,"여자,남자 버튜버그룹이 1군빼고 2군들 아이돌그룹 모조리 압살하잖아
 세상이 변했지",2,2024-12-11T10:04:49Z,0,UgzzFpNFjxnLnqP4sz54AaABAg,Yg_AOZjHt3M,UCby53HyC8R0FVAzS7MviRjA,2024-12-11T10:04:49Z,,중립
버츄얼 아이돌 소신발언,피지컬갤러리,최상위 댓글,@뚤기-158cm,걍 플레이브 제외하고는 아이돌이 아닌 스트리머로 보면 마음이 편함,2,2025-10-24T16:23:36Z,8,UgyEXejfKERXx2dXY2N4AaABAg,Yg_AOZjHt3M,UC5eqAn3SS7BMFu6lr8AHH8g,2025-10-24T16:23:36Z,,중립
버츄얼 아이돌 소신발언,피지컬갤러리,대댓글,@donghyugkim7514,또또 자격지심에 이런 소리 하고 자빠졌다 제발 좀 에고 줄이고 닥쳐 좀,1,2025-10-29T16:12:22Z,0,UgyEXejfKERXx2dXY2N4AaABAg.AOfD9DTqxkkAOs3qO4sWgA,Yg_AOZjHt3M,UClM64RohBPr-0coKt1iqVbQ,2025-10-29T16:12:22Z,UgyEXejfKERXx2dXY2N4AaABAg,중립
버츄얼 아이돌 소신발언,피지컬갤러리,대댓글,@indigikawai,플레이브도 ㅄ인데 뭐라냐,1,2025-11-18T14:46:29Z,0,UgyEXejfKERXx2dXY2N4AaABAg.AOfD9DTqxkkAPfPurA0mUG,Yg_AOZjHt3M,UCfPUZCtgYsafeZZGdGPv2xA,2025-11-18T14:46:29Z,UgyEXejfKERXx2dXY2N4AaABAg,중립
버츄얼 아이돌 소신발언,피지컬갤러리,대댓글,@dlaaak39,​@donghyugkim7514 맞말 아님? 플레이브제외 싹다 방송인 아니냐,1,2025-12-01T17:41:34Z,0,UgyEXejfKERXx2dXY2N4AaABAg.AOfD9DTqxkkAQCCH_DFPlJ,Yg_AOZjHt3M,UCZRm4NL2p6PHLRfv9bmVWnQ,2025-12-01T17:41:34Z,UgyEXejfKERXx2dXY2N4AaABAg,중립
버츄얼 아이돌 소신발언,피지컬갤러리,대댓글,@dlaaak39,​@indigikawai 얜 무슨 팬닉달고 이러고있냐 이것도 갈라치기임?,0,2025-12-01T17:42:10Z,0,UgyEXejfKERXx2dXY2N4AaABAg.AOfD9DTqxkkAQCCLzldZJD,Yg_AOZjHt3M,UCZRm4NL2p6PHLRfv9bmVWnQ,2025-12-01T17:42:10Z,UgyEXejfKERXx2dXY2N4AaABAg,중립
버츄얼 아이돌 소신발언,피지컬갤러리,대댓글,@dlaaak39,​@indigikawai 플레이브는 방송인 아니고 아새돌 스탤등등은 방송안 Rp잖냐,0,2025-12-02T03:08:40Z,0,UgyEXejfKERXx2dXY2N4AaABAg.AOfD9DTqxkkAQDDB6dEmET,Yg_AOZjHt3M,UCZRm4NL2p6PHLRfv9bmVWnQ,2025-12-02T03:08:40Z,UgyEXejfKERXx2dXY2N4AaABAg,중립
버츄얼 아이돌 소신발언,피지컬갤러리,최상위 댓글,@muju-n5b,가수는 실력이다. 버추얼이면 어때? 노래잘하면 된다. 중요한건 너보다 노래잘해,3,2025-03-18T00:08:35Z,4,UgxXRN6fFxziP2BjmY14AaABAg,Yg_AOZjHt3M,UCB4Pxqr6mXLaNcvwlra2p_Q,2025-03-18T00:08:35Z,,중립
버츄얼 아이돌 소신발언,피지컬갤러리,대댓글,@Binnaeng,가수가 일반인보다 노래 잘하는 건 당연한거긴해,2,2025-03-27T07:57:09Z,0,UgxXRN6fFxziP2BjmY14AaABAg.AFmzgZZ3rNxAGA-TJtKJwp,Yg_AOZjHt3M,UCBeh8Pz7hgNzqrZFQybi3kg,2025-03-27T07:57:09Z,UgxXRN6fFxziP2BjmY14AaABAg,중립
버츄얼 아이돌 소신발언,피지컬갤러리,대댓글,@tempo-kq6ow,근데 솔까 육수들 노래 들으려고 보는거 아닌것 같은데,1,2025-04-16T18:27:31Z,0,UgxXRN6fFxziP2BjmY14AaABAg.AFmzgZZ3rNxAGzcVkT9b_5,Yg_AOZjHt3M,UCrFOxGlQwrZ2UV6Hc67Jrew,2025-04-16T18:27:31Z,UgxXRN6fFxziP2BjmY14AaABAg,중립
버츄얼 아이돌 소신발언,피지컬갤러리,대댓글,@yomamte,아이돌이 단순 가수는 아니잖아,0,2025-06-22T04:04:53Z,0,UgxXRN6fFxziP2BjmY14AaABAg.AFmzgZZ3rNxAJeb2FEn1ae,Yg_AOZjHt3M,UC6WUmmLFTkIMl66QzsgiZ8w,2025-06-22T04:04:53Z,UgxXRN6fFxziP2BjmY14AaABAg,중립
버츄얼 아이돌 소신발언,피지컬갤러리,대댓글,@쩜점-c6o,@tempo-kq6ow 그건 모든 육수가 그럼... 기존 돌판도 다를거 없음 애초에 노래만 들으면 육수란 말을 듣겠냐 ㅋㅋ,0,2025-10-16T08:01:01Z,0,UgxXRN6fFxziP2BjmY14AaABAg.AFmzgZZ3rNxAOKiHDve7p2,Yg_AOZjHt3M,UC9DX0u4_YIkF2uO-bTfN1Cg,2025-10-16T08:01:01Z,UgxXRN6fFxziP2BjmY14AaABAg,중립
버츄얼 아이돌 소신발언,피지컬갤러리,최상위 댓글,@충성-a98,"그니까 버추얼 아이돌 인기많고 증명한거 ㅇㅋ
근데 일반 실물이 존재하는 아이돌들과는 그냥 다른 카테고리로 하는게 맞는거같다 이거지
아무래도 실제로 보여지는 아이돌과 그래픽아이돌은 차이가 확실히 있으니까..
반박하고싶으면 버츄얼 아이돌이랑 손잡고 인증샷하거나 대학축제에 모셔와보세요..ㄱㄱ",3,2025-02-07T14:21:20Z,5,UgybFcjdaXRb6yEH9hZ4AaABAg,Yg_AOZjHt3M,UChu4iuJMt4-mY7W0XEFHqGw,2025-02-07T14:21:20Z,,중립
버츄얼 아이돌 소신발언,피지컬갤러리,대댓글,@ccc6953,이것도 존나 꼰대사고방식인게 이미 미국에서도 버추얼밴드 고릴라즈가 빌보드랑 그래미 휩쓸고 시상식에서도 공연했음. 노래하고 춤추고 음악 이외 요소로도 팬덤을 형성해나가는게 아이돌이지 대학축제가고 손잡아주는게 아이돌 본업이 아니잖음,8,2025-02-26T00:48:51Z,0,UgybFcjdaXRb6yEH9hZ4AaABAg.AEF5H8EQwEgAEzZOwG_Auh,Yg_AOZjHt3M,UC1RYKxyzGOP9mSr9y8XLk5w,2025-02-26T00:48:51Z,UgybFcjdaXRb6yEH9hZ4AaABAg,중립
버츄얼 아이돌 소신발언,피지컬갤러리,대댓글,@충성-a98,"@ 하…고릴라즈랑 같냐 ㅋㅋㅋㅋㅋ
또또 그 해외는 어쩌구저쩌구충 나왔네",1,2025-02-26T01:49:10Z,0,UgybFcjdaXRb6yEH9hZ4AaABAg.AEF5H8EQwEgAEzfIeym2WY,Yg_AOZjHt3M,UChu4iuJMt4-mY7W0XEFHqGw,2025-02-26T01:49:10Z,UgybFcjdaXRb6yEH9hZ4AaABAg,중립
버츄얼 아이돌 소신발언,피지컬갤러리,대댓글,@ccc6953,@충성-a98 뭐가 다른지 설명못하고 그거랑 같냐 웅앵대고 있음 ㅋㅋ그래서 춤추는거 보고 노래듣고 플러스알파 요소로 팬덤모여서 노는 재미로 아이돌팬하지 니는 손잡고 대학축제보러가려고 아이돌팬하냐고요 한심한 소리를 하면서 거룩한척 얘기를 해,9,2025-02-26T02:40:14Z,0,UgybFcjdaXRb6yEH9hZ4AaABAg.AEF5H8EQwEgAEzl8lNAXSK,Yg_AOZjHt3M,UC1RYKxyzGOP9mSr9y8XLk5w,2025-02-26T02:40:14Z,UgybFcjdaXRb6yEH9hZ4AaABAg,중립
버츄얼 아이돌 소신발언,피지컬갤러리,대댓글,@yomamte,​@ccc6953고릴라즈가 아이돌이냐? 버추얼아이돌 팬들은 그 캐릭터를 현실에반영해서 잘생겼다 뭐하다 하면서 아이돌이랑 똑같이 생각하고 대우하면서 빨더만ㅋㅋ 고릴라즈는 보니까 마시멜로우 이런류아님? 고릴라즈를 잘생겼다며 이러는사람이 있음? 그것도 미국에서?,1,2025-06-22T04:09:04Z,0,UgybFcjdaXRb6yEH9hZ4AaABAg.AEF5H8EQwEgAJebWu4ARw9,Yg_AOZjHt3M,UC6WUmmLFTkIMl66QzsgiZ8w,2025-06-22T04:09:04Z,UgybFcjdaXRb6yEH9hZ4AaABAg,중립
버츄얼 아이돌 소신발언,피지컬갤러리,대댓글,@ccc6953,​@yomamte고릴라즈를 버추얼가수 카테고리에서 별도로 다루냐고 그냥 일반 가수 카테고리로 다뤄서 그래미 빌보드 다 나가고 있잖아 그 얘기하는데 맥락을 못알아듣고 헛소리야. 아이돌도 기본적으로 노래 춤+끼가 메인이잖아 이번에 케데헌 사자보이즈는 아예 애니메이션인데도 케팝그룹으로 미국 차트 오르더만 그것도 배알꼴려서 어떡하누,0,2025-06-29T03:34:26Z,0,UgybFcjdaXRb6yEH9hZ4AaABAg.AEF5H8EQwEgAJw_7MSq4yq,Yg_AOZjHt3M,UC1RYKxyzGOP9mSr9y8XLk5w,2025-06-29T03:34:26Z,UgybFcjdaXRb6yEH9hZ4AaABAg,중립
버츄얼 아이돌 소신발언,피지컬갤러리,최상위 댓글,@lol99244,"""잘 빠져나갔다 휴...."" 뭐 저런 생각이 진짜일수도 있는데 
설령 반대로 얘기하면 버츄얼 팬들 진영에서 오지게 털릴 수 있기때문에 답은 어차피 정해져 있는 수준이죠 ㅋㅋ 
기사로도 나올거고 오히려 최근 10년 기사보다 한달기사가 더 많이 나올수도 있는 그런 논란?!",2,2025-03-03T12:46:56Z,0,UgwjT4Mb3QccUnQgsKF4AaABAg,Yg_AOZjHt3M,UCwSv5SWkB-7BLL5SJBiX8UA,2025-03-03T12:46:56Z,,중립
버츄얼 아이돌 소신발언,피지컬갤러리,최상위 댓글,@hiphop_lover6974,"버츄얼 아이돌은 절대 아이돌이 될수없다.
아이돌은 av배우랑 술한번 먹었다고 그룹에서 퇴출당하고, 클럽 가도 욕 먹고, 연애는 커녕 가족ㆍ친구랑 만나는것도 맘편히 못하는데, 익명성 뒤에 숨어 사생활을 누리는 버추얼 아이돌이 어떻게 아이돌인가?  

버추얼돌들은 연애, 일상생활 지장없고 클럽ㆍ헌포가 뭐야 룸살롱ㆍ성매매업소를 가고, 막말로 범죄를 저질러도 아무도 모르잖아.

아이돌은 화려한 무대위에 서시 팬들의 사랑을 받는 대가로 자신의 일상을 희생해야 하는 존재 인데 버츄얼돌은 자격이 없다.

인터넷 문화는 인터넷에서 꽃피울때 아름다운법.",9,2025-07-06T14:36:22Z,15,UgwQ9lBeWwjL8SpZbAV4AaABAg,Yg_AOZjHt3M,UC9FiLXK6wUHtdJmNO4woY0A,2025-07-06T14:36:22Z,,긍정
버츄얼 아이돌 소신발언,피지컬갤러리,대댓글,@hayozoo,"언제부터 아이돌이 ‘화려한 무대위에 서서 사랑을 받는 대가로 자신의 일상을 포기해야하는 존재‘였음? 그건 니가 편협한시선으로 만들어낸 열등감덩어리들로밖에 안보이는데? 
위에 써있는 문제들도, 범죄는 비판받아야되는거고 가족이나 친구들 만나는 사생활은 원래 존중받아야하는건데 사생같은 극단적인부류때문에 지켜지지않는거지 해결해야할문제로 봐야함 너처럼 아이돌로서 감내해야할것으로 여기는것이 아니라.",11,2025-07-07T14:21:28Z,0,UgwQ9lBeWwjL8SpZbAV4AaABAg.AKEmRe_yiDSAKHKXJiyXZ3,Yg_AOZjHt3M,UC6TCSKX87Ucr9jHnbtbML_Q,2025-07-07T14:21:28Z,UgwQ9lBeWwjL8SpZbAV4AaABAg,긍정
버츄얼 아이돌 소신발언,피지컬갤러리,대댓글,@hiphop_lover6974,"​@hayozoo 아이돌 연습생 생활을 했었고, 데뷔조 까지 갔던 사람 으로서  말하자면,
 너가 이야기 하는 부분이 이론적으로는 맞는 부분도 일부 있지만, 슬프게도 현실은 그렇지가 않단다..
현역 아이돌중에 익명성과 사생활이 보장되는 아이돌은 거의 없는게 현실이야.
카리나 연애했을때, 팬들의 보이콧과 sm주가 폭락으로 고생한건 알지?

애초에 버추얼돌 산업이 왜 커진거 같아?
아이돌들은 사람이다 보니까 연애를 할수도 있고, 클럽, 헌팅포차, 유흥업소 등등을 갈수도 있고, 그리고 도박, 마약등등 범죄로 인한  사회적물의를 일으킬수도 있지.
그로인해 아이돌의 상품성이 손상되고 팬들은 떠나지,
하지만 버추얼돌은 그러한 리스크로 부터 비교적 자유로워. 그래서 상품성 유지가 안정적이고, 서브컬쳐 영역인 버츄얼돌이 아이돌시장에 진입할때, 버츠얼돌 팬들은 상대적 소수에 속함으로서 오는 소속감을 느끼고, 이는 팬덤을 더 강화시키지.

나에게 있어 아이돌은 꿈이자 목표이자 삶이였고, 비록 데뷔는 못했지만  지금도 아이돌문화를 사랑하고, 한때 그 바닥에 몸담아봤기에 아이돌의 고충을 어느정도 아는 사람이야.

나의 의견을 열등감으로 단정짓는 너야말로 편협한 시선을 가진 사람 같은데?

플레이브 라는 아티스트를 부정하는게 아니야.
그들은 새로운 음악산업으로서 존중받을 자격이 있어.
단지 그들은 버추얼 기술로 구현된 버추얼돌 캐릭터들을 연기하는 사람들이고, 아이돌이 아니라는거 뿐이야.",2,2025-07-07T14:58:57Z,0,UgwQ9lBeWwjL8SpZbAV4AaABAg.AKEmRe_yiDSAKHOormYulP,Yg_AOZjHt3M,UC9FiLXK6wUHtdJmNO4woY0A,2025-07-07T14:58:57Z,UgwQ9lBeWwjL8SpZbAV4AaABAg,긍정
버츄얼 아이돌 소신발언,피지컬갤러리,대댓글,@hayozoo,"@hiphop_lover6974 

님이 아이돌연습생을 거친적이 있어서 나보다 더 가까이서 그분야를 지켜봐왔다는건 알겠는데 

전 댓글부터 내가 말해왔던건 님이 쓴 댓글만 보면 ‘사생활이 더 보장되는’것으로 이건 아이돌이고, 이건 아니다 라고 규정하는것처럼 보여서임 
현실이 그렇다고 해서 그런 현실을 곧이 곧대로 받아들이고 ‘아이돌은 사생활을 존중받을 수 없고 일상을 희생당해야 해’ 라는 의견을 고수할생각인거임? 나도 현실에서 발생하는 문제들을 부정하진 않음 그치만 연애같은 개인적인 사생활은 아이돌이든 사람이든 누릴수있어야되는거고 그게 침해당해야되는 시점에서 본인이 감내해야할게 아니라 해결해야되는 문제로 봐야한다는거지 물론 현실에서 일어날수없는 일이란건 알지만 첫 댓글처럼 ‘당연한것’으로 보는것보단 나처럼 생각하는게 더 낫지않을까? 라는게 편협한 생각이라면 나는 이 생각을 고치지않을생각임.

 방금 쓴 댓글에서도 ’플레이브‘라고 자신들이 버츄얼아이돌이라고 자명히 활동하고 있고 지지하는 수많은 팬들도있고, 다른 아이돌 못지않은 활동들과 실적을 내고있는걸로 아는데 정말 단지 첫댓글에 적힌 이유때문인지가 궁금함",6,2025-07-07T15:24:04Z,0,UgwQ9lBeWwjL8SpZbAV4AaABAg.AKEmRe_yiDSAKHRgmZ8FWQ,Yg_AOZjHt3M,UC6TCSKX87Ucr9jHnbtbML_Q,2025-07-07T15:24:04Z,UgwQ9lBeWwjL8SpZbAV4AaABAg,긍정
버츄얼 아이돌 소신발언,피지컬갤러리,대댓글,@23W3-b2t,"​@hiphop_lover6974아이돌의 현실은 사생활이 보호 안될 수 있어도. 그게 아이돌인지 아닌지를 판단하는 기준이 될 수 없는거야.
에초에 아이돌의 정의는 10대 20대 사이에서 큰 인기를 끄는 '가수' 를 칭하는게 다야.
그리고 무엇보다. 아이돌을 정의하는 개념은 수학의 수식처럼 명확하고 불변하는게 아니라 그 시대 사람들이 정하는 사회적 개념이야.
그냥 연습생으로 끝난 너가 아니라고 부정해도 사회가 그럴 수 있다는 분위기면 의미 없는거지.",1,2025-09-02T09:03:57Z,0,UgwQ9lBeWwjL8SpZbAV4AaABAg.AKEmRe_yiDSAMZXVbOVTA7,Yg_AOZjHt3M,UCIhtMocW9ZmKRqV2TjuOtiw,2025-09-02T09:03:57Z,UgwQ9lBeWwjL8SpZbAV4AaABAg,긍정
버츄얼 아이돌 소신발언,피지컬갤러리,대댓글,@쩜점-c6o,한마디로 배아프단 거군요 이해했습니다,3,2025-10-16T07:51:46Z,0,UgwQ9lBeWwjL8SpZbAV4AaABAg.AKEmRe_yiDSAOKhDWhm-ZL,Yg_AOZjHt3M,UC9DX0u4_YIkF2uO-bTfN1Cg,2025-10-16T07:51:46Z,UgwQ9lBeWwjL8SpZbAV4AaABAg,중립
버츄얼 아이돌 소신발언,피지컬갤러리,최상위 댓글,@이군-t6f,JMS는 진짜 국민 아이돌 ㄷㄷ,0,2025-09-20T01:19:22Z,0,UgxbkNn4xivtMrzaEw14AaABAg,Yg_AOZjHt3M,UCOj0YP_hBDEC5Trd8xlANkw,2025-09-20T01:19:22Z,,중립
버츄얼 아이돌 소신발언,피지컬갤러리,최상위 댓글,@ddd-yu5nh,여돌팬들 남팬 돈안된다고 없다고 후려쳣는데 남팬들은 버츄어로 다갔음 ㅋㅋㅋ 남자들이 확실히 시대를 앞서가긴함 여자들이 제일 후발주자고,0,2025-10-24T03:33:09Z,1,UgzVn6GLwa4njJk2kN54AaABAg,Yg_AOZjHt3M,UC9EVpDbvbqkIBOXtsthe8PA,2025-10-24T03:33:09Z,,중립
버츄얼 아이돌 소신발언,피지컬갤러리,대댓글,@dlaaak39,남팬 돈안되는거 팩트맞는디,0,2025-12-01T17:42:52Z,0,UgzVn6GLwa4njJk2kN54AaABAg.AOdpzJgR-S7AQCCR0P02gz,Yg_AOZjHt3M,UCZRm4NL2p6PHLRfv9bmVWnQ,2025-12-01T17:42:52Z,UgzVn6GLwa4njJk2kN54AaABAg,중립
버츄얼 아이돌 소신발언,피지컬갤러리,최상위 댓글,@위국-d2x,자꾸 음지에나 있어야 할게 양지로 올라오려고 발악하니까 사람들이 반감을 가지고 혐오하는거임,5,2025-05-16T11:25:02Z,1,Ugw229OsB_8gCAEBZi94AaABAg,Yg_AOZjHt3M,UCIe5twHAoFsBST3CcygytoA,2025-05-16T11:25:02Z,,중립
버츄얼 아이돌 소신발언,피지컬갤러리,대댓글,@니가그랬잖아-w7y,ㄹㅇ,1,2025-05-30T14:24:59Z,0,Ugw229OsB_8gCAEBZi94AaABAg.AIB7-_7jC9-AIkUit70YMF,Yg_AOZjHt3M,UCvq8bvRvQJKOxpwzeMxvVRw,2025-05-30T14:24:59Z,Ugw229OsB_8gCAEBZi94AaABAg,중립
버츄얼 아이돌 소신발언,피지컬갤러리,최상위 댓글,@김민석-y1w5c,유방암에선 술이 나온다가 아이돌들의 머리 속에 담긴 팩트임. 그 외에건 의미 없음. 버튜버는 잘 모르겠다. 뭐 누구처럼 안중근 의사 보고 웃어대진 않겠지,0,2025-10-20T00:27:00Z,0,UgybZsCH0cWYGRVKuVZ4AaABAg,Yg_AOZjHt3M,UCANtmZ_A-tJVk0jXCfoiBwQ,2025-10-20T00:27:38Z,,중립
버츄얼 아이돌 소신발언,피지컬갤러리,최상위 댓글,@The_Lord_of_LockerRoom,"여캠이나 종겜러는 최소한 얼굴이라도 보이는데
뒤에 누가 있는지도 모르고 리액션도 버튼 딸깍인 가짜얼굴에 소비를 한다는거 이해 자체를 못하겠음.
그렇다고 애니나 영화같은 작품들 처럼 나에게 감동이나 영감을 주는것도 아닌데?

물론 존중은 하지, 근데 이해는 못해.
뭣보다 그들한테 내 돈과 시간을 소비하는것 자체가 자기 인생의 주인공을 부정하는 느낌임.
완전 떠받들더만 아주.",2,2025-08-08T08:46:21Z,1,UgzGiAx5LuPoanllsYt4AaABAg,Yg_AOZjHt3M,UCggsAZB01R0IJ4sVB24oLmQ,2025-08-08T08:47:01Z,,중립
버츄얼 아이돌 소신발언,피지컬갤러리,대댓글,@donghyugkim7514,ㅋㅋㅋㅋ 일말의 존중조차 없는 똥글을 싸지르고 존중은하는데 이해는 못해 ㅇㅈㄹ 애니는 많이 보긴하는듯 오글거리게 싸지르는걸보니,0,2025-10-29T16:26:45Z,0,UgzGiAx5LuPoanllsYt4AaABAg.ALZ7bpb0NloAOs5UkEibdu,Yg_AOZjHt3M,UClM64RohBPr-0coKt1iqVbQ,2025-10-29T16:26:45Z,UgzGiAx5LuPoanllsYt4AaABAg,중립
버츄얼 아이돌 소신발언,피지컬갤러리,최상위 댓글,@whilefood,버튜버 좋아하는 인생패배자들 얼굴 진짜 한번만 보고싶다,7,2025-05-31T12:31:11Z,3,UgzN4yXfTVuVWVD_uFx4AaABAg,Yg_AOZjHt3M,UCRrLlgZeNpElYXCMPshZb0Q,2025-05-31T12:31:11Z,,긍정
버츄얼 아이돌 소신발언,피지컬갤러리,대댓글,@나무사연,니 얼굴이랑 별차이 없을텐데 굳이?,4,2025-06-02T12:27:39Z,0,UgzN4yXfTVuVWVD_uFx4AaABAg.AImrVBX0JuFAIs-g6R335x,Yg_AOZjHt3M,UCTPh4pF4PLuoHWgIqYkXpWQ,2025-06-02T12:27:39Z,UgzN4yXfTVuVWVD_uFx4AaABAg,중립
버츄얼 아이돌 소신발언,피지컬갤러리,대댓글,@dlglaja,"김희철/에일리/자이언티 등등 사진보면 되
계네들보다 이쁘거나 잘생기거나 하겠지 넌?
아 여친은 있냐? 
난 지금 여친이 깎아 준 참외 먹고있는데",2,2025-06-04T10:57:47Z,0,UgzN4yXfTVuVWVD_uFx4AaABAg.AImrVBX0JuFAIwzzdIBT02,Yg_AOZjHt3M,UCHWeOVPsNe8BnQevTdUer5Q,2025-06-04T10:57:47Z,UgzN4yXfTVuVWVD_uFx4AaABAg,중립
버츄얼 아이돌 소신발언,피지컬갤러리,대댓글,@쩜점-c6o,내 친구가 플레이브 좋아하는데 걍 평범하게 생김,0,2025-10-16T07:56:10Z,0,UgzN4yXfTVuVWVD_uFx4AaABAg.AImrVBX0JuFAOKhifZMcop,Yg_AOZjHt3M,UC9DX0u4_YIkF2uO-bTfN1Cg,2025-10-16T07:56:10Z,UgzN4yXfTVuVWVD_uFx4AaABAg,긍정
버츄얼 아이돌 소신발언,피지컬갤러리,최상위 댓글,@shk2826,아이돌은 맞지 ㅋㅋ 근데 얼굴도 모르는 영상보고 좋아하는 건 오타쿠 같은게 문제지 ㅋㅋ,2,2025-04-12T22:33:42Z,1,Ugwb4yRet1znkiNRk594AaABAg,Yg_AOZjHt3M,UCtZ9pz2d6dbIU5tcBaCVThw,2025-04-12T22:33:42Z,,긍정
버츄얼 아이돌 소신발언,피지컬갤러리,대댓글,@쩜점-c6o,반대로 사귈 것도 아니고 얼굴 1순위로 두고 좋아하는 게 더 신기하던데 난... 걍 가치관의 차이임,0,2025-10-16T07:59:45Z,0,Ugwb4yRet1znkiNRk594AaABAg.AGplVNPwY8cAOKi8-HfOCA,Yg_AOZjHt3M,UC9DX0u4_YIkF2uO-bTfN1Cg,2025-10-16T07:59:45Z,Ugwb4yRet1znkiNRk594AaABAg,긍정
버츄얼 아이돌 소신발언,피지컬갤러리,최상위 댓글,@배랙-k5m,버추얼이. 먼아이돌이야  좋아하는사람있고 싫어하는사람있는거지 난 별로,0,2025-11-05T22:09:53Z,0,UgwksMWzdM_nQmqXbpN4AaABAg,Yg_AOZjHt3M,UCvy2rR4JXp6ZkPPWOa1MIlA,2025-11-05T22:09:53Z,,부정
버츄얼 아이돌 소신발언,피지컬갤러리,최상위 댓글,@나무사연,이세계 아이돌을 향해서 거의 4년 동안 욕하는 놈도 봄 ㅋㅋㅋ 그렇게 증오할 정도로 싫어하면 안보면 되는데 욕하려고 어느새 다 찾아보고 다니더니 왠만한 팬들 못지않게 모르는 게 없더라 ㅋㅋㅋㅋ,6,2025-06-02T12:26:44Z,7,UgxlKaM7-ZFm-FvtNmp4AaABAg,Yg_AOZjHt3M,UCTPh4pF4PLuoHWgIqYkXpWQ,2025-06-02T12:26:44Z,,부정
버츄얼 아이돌 소신발언,피지컬갤러리,대댓글,@오크망겜,굴파리 잠수!,4,2025-06-04T06:26:38Z,0,UgxlKaM7-ZFm-FvtNmp4AaABAg.AIs-_MkWQnPAIwVxisz3DH,Yg_AOZjHt3M,UCxcXbDefon_LOg_fqDKMuTQ,2025-06-04T06:26:38Z,UgxlKaM7-ZFm-FvtNmp4AaABAg,중립
버츄얼 아이돌 소신발언,피지컬갤러리,대댓글,@Karkae,이세돌과 팬덤이야말로 버튜버 업계를 후퇴시킨 장본인이지 ㅋ,4,2025-06-18T12:55:16Z,0,UgxlKaM7-ZFm-FvtNmp4AaABAg.AIs-_MkWQnPAJWFZJSXahB,Yg_AOZjHt3M,UCMIhMh9nbFki54pB7lg40yQ,2025-06-18T12:55:16Z,UgxlKaM7-ZFm-FvtNmp4AaABAg,중립
버츄얼 아이돌 소신발언,피지컬갤러리,대댓글,@user-xsdjahfkfsjajwjdjss,이세돌 걔네 논란 많은애들 아닌가 최근에 뭐 많이 올라오던데,4,2025-06-19T16:53:35Z,0,UgxlKaM7-ZFm-FvtNmp4AaABAg.AIs-_MkWQnPAJZFchT8Yzm,Yg_AOZjHt3M,UCI7_dXIBfoADAWNeVKRFNPA,2025-06-19T16:53:35Z,UgxlKaM7-ZFm-FvtNmp4AaABAg,중립
버츄얼 아이돌 소신발언,피지컬갤러리,대댓글,@fullhd.8,모두 굴찜준비!,2,2025-07-11T16:15:53Z,0,UgxlKaM7-ZFm-FvtNmp4AaABAg.AIs-_MkWQnPAKRpnrh4UW1,Yg_AOZjHt3M,UCYVHtjIRCciMqRtFOriw-ig,2025-07-11T16:15:53Z,UgxlKaM7-ZFm-FvtNmp4AaABAg,중립
버츄얼 아이돌 소신발언,피지컬갤러리,대댓글,@개입신당,그놈들은 사이버 범죄집단에 가깝지,3,2025-07-20T06:08:20Z,0,UgxlKaM7-ZFm-FvtNmp4AaABAg.AIs-_MkWQnPAKmvQwI6Qdh,Yg_AOZjHt3M,UCVacEr4NSuuz7-AW4U6s8rw,2025-07-20T06:08:20Z,UgxlKaM7-ZFm-FvtNmp4AaABAg,중립
버츄얼 아이돌 소신발언,피지컬갤러리,최상위 댓글,@fromsarang,꼰대 맞죠 공감,2,2025-02-22T08:43:05Z,0,UgymSQXq87_3e84rx-94AaABAg,Yg_AOZjHt3M,UCkZXahhP00VQ1X37f65t23A,2025-02-22T08:43:05Z,,중립
버츄얼 아이돌 소신발언,피지컬갤러리,최상위 댓글,@user-xi4nc8vv3c,모두 잠수준비 ㅋㅋ,3,2024-12-11T11:14:11Z,0,UgzR72CaaiSpG_GW_gF4AaABAg,Yg_AOZjHt3M,UCwYg991akLIxIkRjlMpf_Og,2024-12-11T11:14:11Z,,중립
버츄얼 아이돌 소신발언,피지컬갤러리,최상위 댓글,@swrwgs,그거랑 이거랑은 다르지 버츄얼은 거져먹는건데,3,2025-11-10T08:59:08Z,10,UgxpERcaroew7nkFVg94AaABAg,Yg_AOZjHt3M,UCZRUjjrAqOx3kJKkjORX2SA,2025-11-10T08:59:08Z,,중립
버츄얼 아이돌 소신발언,피지컬갤러리,대댓글,@주대장-j7p,"거져먹는건 아니긴함.
요즘 스텔라이브같은 기업 아이돌들은 어느정도 외모 되야함.
아이돌 급은 아니여도 일반인들 중에서는 예쁜 편이어야함.
왜냐하면 요즘 사람들 빨간약을 찾으려고 해서",0,2025-11-24T15:49:40Z,0,UgxpERcaroew7nkFVg94AaABAg.APLBnjAX4mnAPuyum9qxDY,Yg_AOZjHt3M,UCbrRMu5_JUA3HZ-yOQGPDrQ,2025-11-24T15:49:40Z,UgxpERcaroew7nkFVg94AaABAg,중립
버츄얼 아이돌 소신발언,피지컬갤러리,대댓글,@swrwgs,@주대장-j7p 그냥 가수보다 거져먹는건 맞지,0,2025-11-25T04:35:22Z,0,UgxpERcaroew7nkFVg94AaABAg.APLBnjAX4mnAPwLY2u38uq,Yg_AOZjHt3M,UCZRUjjrAqOx3kJKkjORX2SA,2025-11-25T04:35:22Z,UgxpERcaroew7nkFVg94AaABAg,중립
버츄얼 아이돌 소신발언,피지컬갤러리,대댓글,@user-apologize_justlikethat,"@swrwgs 그니까 인간 아이돌 좋아하는 사람은 그사람한테 빙의해서 우리 애들은 이렇게 힘들었는데 왜 버츄얼 아이돌 니들은 딸깍으로 활동해? 니네는 아이돌 아니야!
뭐 이런거임? 꼬우면 지들도 하지 그랬어 ㅋㅋㅋㅋㅋ
심지어 나이대도 비슷한데",3,2025-12-05T08:50:38Z,0,UgxpERcaroew7nkFVg94AaABAg.APLBnjAX4mnAQLYhLj3IBT,Yg_AOZjHt3M,UCE5iOcUdKrr_QetJUtT1jUQ,2025-12-05T08:50:38Z,UgxpERcaroew7nkFVg94AaABAg,긍정
버츄얼 아이돌 소신발언,피지컬갤러리,대댓글,@swrwgs,@user-apologize_justlikethat 뭔개소리임 ㅋㅋㅋㅋ 거져먹는거다 얘기하는데 빙의 얘기 쳐하노 그리고 그새기들이 아이돌임? 춤도 ㅈㄴ 못추더만.,0,2025-12-05T10:22:17Z,0,UgxpERcaroew7nkFVg94AaABAg.APLBnjAX4mnAQLiBg7fWZb,Yg_AOZjHt3M,UCZRUjjrAqOx3kJKkjORX2SA,2025-12-05T10:22:17Z,UgxpERcaroew7nkFVg94AaABAg,중립
버츄얼 아이돌 소신발언,피지컬갤러리,대댓글,@HjK-y6k8b,"@swrwgs 플레이브만봐도 장비착용이라는 리스크에 전곡을 작사 작곡 프로듀싱 안무까지 다 본인들이 자체제작하고 라이브 무대, 콘서트까지 싹 다 소화하는데 대체 뭘 거져먹음?ㅋㅋ웬만한 아이돌보다 실력좋고 버추얼이라는 이유만으로는 까여도 실력으로는 안까이는 걸로 유명하더만",3,2025-12-31T16:20:02Z,0,UgxpERcaroew7nkFVg94AaABAg.APLBnjAX4mnARPIneox-Jx,Yg_AOZjHt3M,UCOhCaiaLRF1RzVoGRdBIE1w,2025-12-31T16:20:02Z,UgxpERcaroew7nkFVg94AaABAg,중립
버츄얼 아이돌 소신발언,피지컬갤러리,최상위 댓글,@solar-dx1zr,요즘도 인기가 있나? 모르겠지만 양지로 올라올려고만 안하면 존중함,1,2025-12-27T10:41:26Z,0,UgyaegLBC6zGb74-CiB4AaABAg,Yg_AOZjHt3M,UC6LmQlvW91-B8332khZwbUg,2025-12-27T10:41:26Z,,중립
버츄얼 아이돌 소신발언,피지컬갤러리,최상위 댓글,@user-2qabkla89z,모두 잠수준비~ 잘 안 들려요우~,2,2024-12-13T22:22:23Z,2,UgzEMIcd943sgBBTMRZ4AaABAg,Yg_AOZjHt3M,UCs5qkVVlixpt2rxz9Vb6J3Q,2024-12-13T22:22:23Z,,중립
버츄얼 아이돌 소신발언,피지컬갤러리,대댓글,@Wkdkekenne,?? 이건 뭔말이에요?,0,2024-12-14T20:52:14Z,0,UgzEMIcd943sgBBTMRZ4AaABAg.AC-koTkXRhUAC2AI2Nzbpg,Yg_AOZjHt3M,UChLEqPSJytbnUSIXo7HDabA,2024-12-14T20:52:14Z,UgzEMIcd943sgBBTMRZ4AaABAg,중립
버츄얼 아이돌 소신발언,피지컬갤러리,대댓글,@두돡굳,​@Wkdkekenne이세계아이돌 비하 발언,0,2024-12-23T21:01:06Z,0,UgzEMIcd943sgBBTMRZ4AaABAg.AC-koTkXRhUACPMSpaof8a,Yg_AOZjHt3M,UC0JnP52x-I4SfgjNO6Tx9NQ,2024-12-23T21:01:06Z,UgzEMIcd943sgBBTMRZ4AaABAg,중립
버츄얼 아이돌 소신발언,피지컬갤러리,최상위 댓글,@Logic-ial,"우리는 비꼬는 것이 아닌 타당한 근거를 토대로 합리적인 주장을 하는 것이다.

1. 경쟁률=돈벌기어려운확률이라 하기에는 좀 부족하지만 거의 똑같음. 실제 아이돌 경쟁률하고 버츄얼 경쟁률로 따지면 비교도 안 됨 무명 생활, 인기 없는 아이돌, 접는 아이돌 들이 버츄얼보다 차고 넘침 그만큼 돈도 더 벌기 훨씬 어려운게 사실.

2. 타돌에 비해 자유롭다 정도가 아니라 비교 자체가 불가 수준. 실제로 보여지는 것들에 비용과 시간 노력들이 월등히 차이남 버츄얼은 운동만 하면 된다하지만 실제 아이돌은 그게 아님 피부관리, 운동, 화장 등 할게 너무나 많음 또한 엄청난 스케줄 소화가 요구 됨 체력적으로 엄청 힘듦.

3. 실제 아이돌은 회사에서 당연히 조치를 취하고 있는 건 당연함에도 불구하고 집 몰래 찾아가고, 스토킹 등 악성 사생 팬들이 차고 넘침. 실제 아이돌은 보호 없으면 활동 자체를 아예 못하고 모든 것에 지장이 생김.

이 모든 것들은 억까가 아니라 모두 타당한 근거를 토대로 한 적합한 주장들임. 일반 아이돌이 들인 시간, 노력, 비용에 비해 버츄얼은 너무 현저히 적음.

이 리스크 들은 정병이 아니라 실제로 거의 모든 일반 아이돌에 해당하는 것들임. ""우리가 겪었으니 니네도 겪어라""가 아니라 우리 만큼의 리스크를 가지지도 않으면서 왜 같은 취급 동일선상에 두고싶은건지 도무지 이해와 납득이 안 감. 우리는 억까하려는게 아니고 어떻게든 일반 아이돌과 같은 대우를 받고싶은 너네들의 과분한 행동에 이의를 두고 반박을 하는 것일 뿐. 수면 위로 안 올라오면 아무도 뭐라 안 함.

실제 아이돌은 말과 행동을 직접 보여주는 것(욕 먹을 확률도 높음)과 데이터 상으로 간접적으로 보여주는 것(욕 먹을 확률 낮음)은 차이가 훨씬 큼. 그러므로 ""일반 아이돌이 욕 먹는거랑 다를게 뭐냐""는 주장은 오류. 하고 싶은 일 하는 건 자유. 하지만 그 자유는 언제나 남에게 피해(실제 아이돌들이 받아야 될 상을 버츄얼 아이돌이 받는 것 실제 방송, 현실(인간으로서의) 활동도 안 하는데 받는 것, 실제 아이돌과 동등한 대우 해달라고 말하는 것(거부감이 들게 하는 건 피해를 주는 행위)등)를 주지 않는 범위 내에서, 책임('앞서 말한 것'들 땜에 우리가 싫어하고 인정하지 않는 것을 받아들임. '앞서 말한 것들'은 누가 시킨게 아닌 본인들이 한 것.)을 질 수 있는 범위 내에서 하는 것이다.

성장한 것은 너무 좋은 일. 하지만 수면 위 실제 아이돌들과 동등한 대우 받기에는 천지차이임을 명심.",3,2025-03-03T18:48:01Z,0,UgwD046JwO-6VUpQWdx4AaABAg,Yg_AOZjHt3M,UCf8lHMEqeIgHAbMa0ZO2dtg,2025-03-03T18:48:01Z,,부정
버츄얼 아이돌 소신발언,피지컬갤러리,최상위 댓글,@어머니아버지지게에타,얼굴에 자신은 없고 방송은 하고싶고 ㅋㅋㅋ 인생 날로먹으려는 애들,2,2025-04-28T10:38:52Z,0,UgypnWsJqtrVdy-MkCB4AaABAg,Yg_AOZjHt3M,UCMtWDGwicCc1uVInk7oTLjw,2025-04-28T10:38:52Z,,중립
버츄얼 아이돌 소신발언,피지컬갤러리,최상위 댓글,@Lennon2824,나이브 한 사람은 쉽게 몰입해서 빠질수있을듯,0,2024-12-13T05:06:55Z,0,UgznxAzfh9B0fYGJxb94AaABAg,Yg_AOZjHt3M,UClMGRwMhUjJ5nG10FK4gqKQ,2024-12-13T05:06:55Z,,중립
버츄얼 아이돌 소신발언,피지컬갤러리,최상위 댓글,@parkmindow,"버츄얼 아이돌 까는 사람 특)
버츄얼 아이돌 보다 돈 못 벌거나 백수임",1,2025-07-04T09:36:29Z,0,UgyP4ykBed7RufB3O2J4AaABAg,Yg_AOZjHt3M,UC195BBPGE_00s_GMyE9rp0g,2025-07-04T09:36:29Z,,중립
버츄얼 아이돌 소신발언,피지컬갤러리,최상위 댓글,@user-rf6sx1ko9h,얼굴까기 전까진 좀,3,2024-12-11T09:46:55Z,0,UgxAT8faA20qh2Nf9Bt4AaABAg,Yg_AOZjHt3M,UCyRS3qbOaHFJWdd2rerEQzg,2024-12-11T09:46:55Z,,중립
버츄얼 아이돌 소신발언,피지컬갤러리,최상위 댓글,@강성무-w2e,버츄얼볼빠에 그냥 애니보는게 낫지않나? 멋모르는 개틀딱소리인가 진짜 이해안되네,4,2024-12-12T06:45:02Z,1,UgwFuRvYMyLAtxDIcTV4AaABAg,Yg_AOZjHt3M,UCYLTKxp9amhu0e6SFmBh5bg,2024-12-12T06:45:02Z,,중립
버츄얼 아이돌 소신발언,피지컬갤러리,대댓글,@쩜점-c6o,애니 캐는 상호작용이 안 되고 캐릭터만의 세계관과 서사에 팬이 끼어들 겨를이 없어서 저만큼 깊게 빠지기는 어렵지 않을까 싶음. 얼마 전에 네이버 웹툰에서 웹툰 캐릭으로 AI챗 내고 하던데 이런 시장이 좀 발달하면 유사한 방향으로 흐를 수 있겠지만,0,2025-10-16T08:03:12Z,0,UgwFuRvYMyLAtxDIcTV4AaABAg.ABwVkBhSNuZAOKiXCnWjc-,Yg_AOZjHt3M,UC9DX0u4_YIkF2uO-bTfN1Cg,2025-10-16T08:03:12Z,UgwFuRvYMyLAtxDIcTV4AaABAg,중립
버츄얼 아이돌 소신발언,피지컬갤러리,최상위 댓글,@aj24aw897shz,모두 잠수 준비~,0,2024-12-11T10:05:45Z,0,UgxWgocJJLckCbH2rw94AaABAg,Yg_AOZjHt3M,UChiz7_L9xqqSABlmNL3qvwQ,2024-12-11T10:05:45Z,,중립
버츄얼 아이돌 소신발언,피지컬갤러리,최상위 댓글,@ddong_chick,버튜버 빠는건 좋은데 제발 우물 안에서 나오지마...니들끼리만 놀아 제발,5,2024-12-11T10:21:01Z,0,Ugy1vLVsFmQPmaNpmCB4AaABAg,Yg_AOZjHt3M,UCXA5wssxw8ZVb_rqrBgPIOg,2024-12-11T10:21:01Z,,중립
버츄얼 아이돌 소신발언,피지컬갤러리,최상위 댓글,@hellkorea523,모두굴찜준비,2,2025-05-08T01:34:40Z,1,UgyGT5drRHx9DFF5bMJ4AaABAg,Yg_AOZjHt3M,UC3FQp_R0dok4Dcif4DU44ew,2025-05-08T01:34:40Z,,중립
버츄얼 아이돌 소신발언,피지컬갤러리,대댓글,@Sjxskm,버튜버를 처빨고 커뮤에 똥글을 싸지르며),1,2025-05-11T14:33:33Z,0,UgyGT5drRHx9DFF5bMJ4AaABAg.AHqT4darBmlAHz_ayH_-sR,Yg_AOZjHt3M,UCznYTmnbEpp3OVWWjKWbu_Q,2025-05-11T14:33:33Z,UgyGT5drRHx9DFF5bMJ4AaABAg,중립
버츄얼 아이돌 소신발언,피지컬갤러리,최상위 댓글,@Rock_rabbitt,다른건 몰라도 버츄얼은 보기역함 ㅠㅠ 보이는 족족 차단하는데 그만보였음 좋겠당,3,2025-02-23T01:18:59Z,0,UgyRHSvqqCTeUlrK8h54AaABAg,Yg_AOZjHt3M,UCfmshyTyiaHiwQX4M7fbcxw,2025-02-23T01:18:59Z,,중립
버츄얼 아이돌 소신발언,피지컬갤러리,최상위 댓글,@LuwinLuna,"굴굴,,,,,",3,2025-11-14T01:10:35Z,1,Ugz_OVTP684iVUF8JSB4AaABAg,Yg_AOZjHt3M,UC6xlujYehwKQYJXjLwb57Nw,2025-11-14T01:10:35Z,,중립
버츄얼 아이돌 소신발언,피지컬갤러리,대댓글,@1865-o8y,채증 채증,1,2026-01-06T02:37:12Z,0,Ugz_OVTP684iVUF8JSB4AaABAg.APUeMXjziCsARcHPDMrMFJ,Yg_AOZjHt3M,UCD3_y2aQwV4SlKSnPOgAhdw,2026-01-06T02:37:12Z,Ugz_OVTP684iVUF8JSB4AaABAg,중립
버츄얼 아이돌 소신발언,피지컬갤러리,최상위 댓글,@GoroshiMan,아이돌이란거 자체가 인기로 먹고사는직업이니까 인기많은쪽이 정의긴하지,0,2025-04-12T08:19:54Z,0,UgyMm0gcGdt_TrFYe9p4AaABAg,Yg_AOZjHt3M,UCw6aY-8lFEv1TdZXMGcLiSA,2025-04-12T08:20:09Z,,중립
버츄얼 아이돌 소신발언,피지컬갤러리,최상위 댓글,@주니-j8u,버튜버 하나같이 노래 줜나 잘하던데 ㅋㅋㅋ 아무나 못하는듯,1,2025-06-06T05:27:53Z,0,UgxkSZW5OXsTYIVQN7B4AaABAg,Yg_AOZjHt3M,UCLBUGlQJffNE0mZvVWQLYwg,2025-06-06T05:27:53Z,,중립
버츄얼 아이돌 소신발언,피지컬갤러리,최상위 댓글,@mung0203-j1s,근데 참 신기한게 팬층이 많아진 게 아니라 그 팬들이 돈을 ㅈㄴ 쏟아붙는거임. 주변만 해도 플레이브나 기타 등등 버츄얼 돌 좋아한다는 사람은 찾아보기 쉽지 않음. 초동이라던가 다 팬들이 노력해서 띄워주는 케이스.,3,2025-06-25T17:22:36Z,8,UgxIi3HfzERV7TLdoqd4AaABAg,Yg_AOZjHt3M,UC08JCvi6fJkqrbFbxE1vpDA,2025-06-25T17:22:36Z,,긍정
버츄얼 아이돌 소신발언,피지컬갤러리,대댓글,@dlaaak39,찐친아니면 저 이런 씹덕아이돌 좋아해요 라고 말하기 꺼리는게 아닐까요?,0,2025-12-01T17:45:34Z,0,UgxIi3HfzERV7TLdoqd4AaABAg.AJnkiWod7EAAQCCjsYXgz3,Yg_AOZjHt3M,UCZRm4NL2p6PHLRfv9bmVWnQ,2025-12-01T17:45:34Z,UgxIi3HfzERV7TLdoqd4AaABAg,긍정
버츄얼 아이돌 소신발언,피지컬갤러리,대댓글,@mung0203-j1s,"​@dlaaak39 그 말이 그 말 아닌가요? 근처에 팬들이 있다 하더라도 남에게 티내면 사회적 이미지 나락인 버츄얼돌,실제로 팬이 타돌에 비해 없기도 하죠. 쟤네 팬덤이 굉장히 공격적인 것 또한 그 때문인 듯?",1,2025-12-23T12:59:32Z,0,UgxIi3HfzERV7TLdoqd4AaABAg.AJnkiWod7EAAR4LV9-l86l,Yg_AOZjHt3M,UC08JCvi6fJkqrbFbxE1vpDA,2025-12-23T12:59:32Z,UgxIi3HfzERV7TLdoqd4AaABAg,중립
버츄얼 아이돌 소신발언,피지컬갤러리,대댓글,@dlaaak39,​@mung0203-j1s 공격적인건 뭐 다른 아이돌들도 비슷하다 생각합니다. 인기얻는만큼 병신들도 몰려서 비호감작하고 분탕치는건 어느 인플루언서나 비슷한데 버츄얼이라는 특성상 커뮤니티 병신들이 많이몰리고 씹덕찐따라 못박아두고보니 욕하기도 편하기도 하구요,0,2025-12-23T13:05:03Z,0,UgxIi3HfzERV7TLdoqd4AaABAg.AJnkiWod7EAAR4M7WQhXYl,Yg_AOZjHt3M,UCZRm4NL2p6PHLRfv9bmVWnQ,2025-12-23T13:05:03Z,UgxIi3HfzERV7TLdoqd4AaABAg,중립
버츄얼 아이돌 소신발언,피지컬갤러리,대댓글,@dlaaak39,​@mung0203-j1s 순수하게 아티스트가 좋아서 덕질하는 사람이 다수일건데 자기가 누구 좋아한다는데 이미지나락이니 뭐니 이런말하는거 때문에 더 날카로워지는거 같아요. 자기가 좋아하는 아티스트 욕보이고 싶은 팬이 어디있겠습니까. 비주류인거 아니까 팬들이 더욱 힘쓰고 초동같은 통계에 더욱 목메는거죠,0,2025-12-23T13:07:59Z,0,UgxIi3HfzERV7TLdoqd4AaABAg.AJnkiWod7EAAR4MT1Ie6wW,Yg_AOZjHt3M,UCZRm4NL2p6PHLRfv9bmVWnQ,2025-12-23T13:07:59Z,UgxIi3HfzERV7TLdoqd4AaABAg,긍정
버츄얼 아이돌 소신발언,피지컬갤러리,대댓글,@mung0203-j1s,​@dlaaak39 모든 아이돌들에게 안티가 없진 않은데 유독 그 팬덤이 폭력적이고 난폭함,0,2025-12-27T02:17:43Z,0,UgxIi3HfzERV7TLdoqd4AaABAg.AJnkiWod7EAARDVDnuNDUv,Yg_AOZjHt3M,UC08JCvi6fJkqrbFbxE1vpDA,2025-12-27T02:17:43Z,UgxIi3HfzERV7TLdoqd4AaABAg,중립
버츄얼 아이돌 소신발언,피지컬갤러리,최상위 댓글,@황지훈-l9g,문제는 존중이랍시고 강요하니 문제지. 상호 간 존중이어야 저것도 맞말인거임. '나는 인정하기 어랴워' 라는 말에 개떼같이 몰랴서 물어뜯으랴 하는데 플레이브나 빠는 애들이나 곱게 보이긴 어렵지,4,2025-04-29T07:41:17Z,2,UgwLhxiE6cHZeR5CBNx4AaABAg,Yg_AOZjHt3M,UCKhSsZmBPZn7cVSkOsZBI4A,2025-04-29T07:41:17Z,,중립
버츄얼 아이돌 소신발언,피지컬갤러리,대댓글,@a-_-3,당장 이영상 댓글에서 한명도 못봤는데 그러는 사람.. 너무 소수의 극성만 보고 판단 하는 거 아님??,7,2025-05-01T22:49:24Z,0,UgwLhxiE6cHZeR5CBNx4AaABAg.AHUwstJ22_mAHaiOv_tuPN,Yg_AOZjHt3M,UCwmMn0s6UC_eRJtgrxjHATg,2025-05-01T22:49:24Z,UgwLhxiE6cHZeR5CBNx4AaABAg,중립
버츄얼 아이돌 소신발언,피지컬갤러리,대댓글,@하마-n5n,​@a-_-3ㄹㅇ 그런 소수를 전체로 판단하는게 존나 웃김,5,2025-05-12T21:41:22Z,0,UgwLhxiE6cHZeR5CBNx4AaABAg.AHUwstJ22_mAI1vMFHib_k,Yg_AOZjHt3M,UCv8_BgWO7xobVHtii7xEPPA,2025-05-12T21:41:22Z,UgwLhxiE6cHZeR5CBNx4AaABAg,중립
버츄얼 아이돌 소신발언,피지컬갤러리,최상위 댓글,@potterkim4714,벗방도 아이돌하고 돼지도 아이돌한다,0,2025-12-10T23:36:03Z,0,Ugydo660cshPlV7HO5t4AaABAg,Yg_AOZjHt3M,UC3rt6eHmQDjrSa0gjgKRr4Q,2025-12-10T23:36:03Z,,중립
